,Date,Day,Treatment,Tank,Sample,P_(dbars),TA_(mmol/kgSW),TCO2_in_(mmol/kgSW),fCO2_in_(matm),pCO2_in_(matm),HCO3_in_(mmol/kgSW),CO3_in_(mmol/kgSW),CO2_in_(mmol/kgSW),B_Alk_in_(mmol/kgSW),OH_in_(mmol/kgSW),P_Alk_in_(mmol/kgSW),Si_Alk_in_(mmol/kgSW),Revelle_in,ca_in,ar_in,Mean_arag_sat,Time,mean_pHT,sd_pHT,min_pHT,max_pHT,mean_Salinity,sd_Salinity,min_Salinity,max_Salinity,mean_Temperature,sd_Temperature,min_Temperature,max_Temperature,sd_Oxygen,min_Oxygen,max_Oxygen,mean_Oxygen,mean_Oxygen_mgL,sd_Oxygen_mgL,min_Oxygen_mgL,max_Oxygen_mgL
1,07.03.2023,17,Control,1,1,0,2283.733333,2121.271729,394.5504456,396.1176453,1981.597233,120.9751745,18.69942626,58.92694264,1.267964531,0,0,13.50283552,2.901802644,1.835992539,1.674951516,0,7.92,NA,7.92,7.92,34.02,NA,34.02,34.02,8.1,NA,8.1,8.1,NA,102.5,102.5,102.5,9.7,NA,9.7,9.7
2,07.03.2023,17,Control,2,2,0,2282.1,2149.506592,486.3419495,488.2712402,2023.039865,103.5438519,22.92304748,50.91696489,1.066549369,0,0,14.67868928,2.478513425,1.569440143,NA,0,7.921914055,NA,7.921914055,7.921914055,34.4,NA,34.4,34.4,7.9,NA,7.9,7.9,NA,103.8,103.8,103.8,9.84,NA,9.84,9.84
3,07.03.2023,17,Control,3,3,0,2285.533333,2147.230469,469.3410645,471.2029114,2018.258386,106.8542204,22.11787761,52.47424709,1.102969954,0,0,14.44627903,2.557311263,1.619421867,NA,0,7.95,NA,7.95,7.95,34.19,NA,34.19,34.19,7.7,NA,7.7,7.7,NA,104,104,104,9.94,NA,9.94,9.94
4,04.04.2023,45,Control,1,85,0,2280.333333,2133.595459,436.1940613,437.9335022,2001.460326,111.3148982,20.82039102,55.12558201,1.127662501,0,0,14.08193931,2.661925269,1.685130343,1.743505318,1,8.018166667,0.094823505,7.77,8.23,34.10916667,0.3807766,33.05,35.35,8.576666667,0.807248238,7.5,10.8,3.802964574,93.6,110.6,102.5983333,9.620333333,0.324057782,8.77,10.38
5,04.04.2023,45,Control,2,86,0,2283.733333,2126.801514,405.9376221,407.5585327,1989.997214,117.3454843,19.45890792,57.86520925,1.189360468,0,0,13.69967958,2.808477889,1.777214565,NA,1,8.029342095,0.116767749,7.640964215,8.261344065,34.10183333,0.143556422,33.73,34.34,8.473333333,0.802932478,7.5,10.9,3.682352171,95.2,112.5,102.9166667,9.6635,0.321605216,8.87,10.57
6,04.04.2023,45,Control,3,87,0,2292.5,2137.170898,414.065155,415.7163696,2000.673148,116.7117472,19.7860146,57.22825657,1.184754668,0,0,13.79204288,2.794022471,1.768171046,NA,1,8.03557377,0.110174477,7.66,8.23,34.09721311,0.144984265,33.74,34.41,8.436065574,0.759173407,7.5,10.6,4.014948162,94.5,112,103.795082,9.770819672,0.326288702,8.92,10.55
7,04.05.2023,75,Control,1,169,0,2281,2068.276123,303.3200989,304.513916,1902.966622,151.3065192,14.0028838,73.70677607,1.720767519,0,0,11.76847413,3.620038994,2.294634692,2.293966459,2,8.188125,0.117677457,7.95,8.38,33.7540625,0.337293396,32.49,34.23,10.31875,0.841825014,8.5,11.6,2.680332716,94.3,105.2,99.896875,9.0525,0.212314435,8.61,9.44
8,04.05.2023,75,Control,2,170,0,2273.9,2059.371582,297.6242676,298.7956848,1893.326032,152.2970275,13.74869594,74.24459413,1.742481598,0,0,11.69832258,3.646073896,2.310689996,NA,2,8.177079574,0.151727425,7.886440771,8.449161101,33.8309375,0.426117956,31.66,34.2,10.178125,0.816259911,8.9,12,3.273733133,95.2,109.6,100.759375,9.13125,0.251341562,8.68,9.57
9,04.05.2023,75,Control,3,171,0,2276.5,2065.788818,304.6537476,305.8528137,1901.677384,150.0363865,14.07505185,73.04779353,1.709369193,0,0,11.81907273,3.592370792,2.27657469,NA,2,8.1975,0.138284419,7.9,8.44,33.8975,0.218144669,33.08,34.22,9.9125,0.66320337,8.8,11.5,3.884261824,90.8,110.2,101.165625,9.23375,0.246010097,8.79,9.73
10,30.05.2023,101,Control,1,253,0,2265.702897,1953.829834,198.5309448,199.2834625,1729.69503,215.7754351,8.359337689,101.20809,3.254080105,0,0,9.503997175,5.182296326,3.297238522,3.443585647,3,8.139444444,0.128462211,7.58,8.4,33.69944444,0.554508505,32.78,34.98,10.69416667,0.859482818,8.7,12.3,2.541183014,94.3,105.7,98.56944444,8.946944444,0.304357116,8.37,9.62
11,30.05.2023,101,Control,2,254,0,2268.955332,1923.553833,172.4337311,173.0848083,1678.629847,237.7373475,7.186718746,111.0954687,3.75992352,0,0,8.999662487,5.706603354,3.633551076,NA,3,8.115845151,0.11661387,7.54490076,8.300798502,34.03027778,0.562059916,31.06,34.79,10.34722222,0.860393967,8.3,11.6,2.456023935,91.2,102.9,98.50416667,8.913333333,0.283548938,8.28,9.44
12,30.05.2023,101,Control,3,255,0,2275.266667,1952.696777,186.4402313,187.1515045,1721.948895,222.7723806,7.975570822,104.5070963,3.270795781,0,0,9.359697998,5.347993994,3.399967342,NA,3,8.151666667,0.128541266,7.53,8.38,34.08694444,0.255206577,33.56,35.12,10.09722222,0.820273861,8.1,11.6,2.398921715,90.5,102.7,98.39444444,8.8975,0.296815238,8.12,9.49
13,27.06.2023,129,Control,1,337,0,2266.033333,2129.793213,512.0307617,514.0018921,2001.136002,106.2592151,22.39796092,51.10632164,1.284353765,0,0,14.4280505,2.549251843,1.618988592,1.62967583,4,8.152258065,0.113908496,7.61,8.39,34.00290323,0.598896217,32.75,37.33,9.709677419,0.54703663,8.3,11.3,3.158004193,92.6,107.2,98.15645161,8.991451613,0.347717837,8.36,9.89
14,27.06.2023,129,Control,2,338,0,2257.166667,2121.241699,517.1752319,519.1585693,1992.909467,105.9384549,22.39373964,51.08263935,1.309343232,0,0,14.39737587,2.540679338,1.6145713,NA,4,8.084155512,0.116320878,7.496500207,8.381052143,33.98112903,0.390586381,32.86,34.48,9.840322581,0.60880417,8.4,11.6,3.568589466,91.6,106.4,98.13709677,8.954516129,0.376291993,8.25,9.78
15,27.06.2023,129,Control,3,339,0,2266.733333,2125.995117,493.8840332,495.7902832,1995.528431,108.7310111,21.73573094,52.45357125,1.300613069,0,0,14.243987,2.607147187,1.655467599,NA,4,8.113114754,0.113159784,7.68,8.36,33.9642623,0.481852187,32.14,35.35,9.57704918,0.543566446,8.1,10.9,3.021590794,91.3,105.3,98.53606557,9.03442623,0.337369849,7.91,9.71
16,26.07.2023,158,Control,1,421,0,2252.733333,2081.694824,375.2929382,376.7585144,1938.140022,126.425034,17.12981859,60.2664784,1.485549862,0,0,13.11466703,3.051270821,1.930088936,2.041097143,5,8.164035088,0.14060913,7.88,8.54,33.95561404,0.359905829,32.55,34.44,8.640350877,0.751869016,6.8,9.9,2.725138243,96.2,109,101.0403509,9.466666667,0.318626143,8.87,10.19
17,26.07.2023,158,Control,2,422,0,2258.666667,2085.951416,367.3624573,368.8140564,1942.098634,126.6580019,17.19467536,61.86877134,1.392044373,0,0,13.03989254,3.041335287,1.924712018,NA,5,8.126391701,0.147462286,7.624907319,8.475498775,34.02052632,0.268137898,33.05,34.52,8.733333333,0.781558273,7.1,10.4,2.450499923,92,105.1,101.0070175,9.423859649,0.345639957,7.97,10.02
18,26.07.2023,158,Control,3,423,0,2270.233333,2060.326172,295.3071289,296.4770813,1897.01137,149.4113135,13.90369705,72.74898861,1.657508861,0,0,11.84611041,3.584555492,2.268490474,NA,5,8.161578947,0.130846004,7.87,8.52,33.99754386,0.268216868,33.03,34.51,8.447368421,0.817903518,6.6,9.7,1.940338187,97.9,105.6,101.2385965,9.521578947,0.284402817,9.02,10.12
19,07.03.2023,17,Triple Stressor,4,4,0,2302.033333,2299.197998,1491.572144,1497.284546,2190.004707,44.98829864,64.20487574,21.57553201,0.507242734,0,0,18.38256833,1.075941797,0.684435604,0.828566479,0,8.010429314,NA,8.010429314,8.010429314,34.46,NA,34.46,34.46,7.7,NA,7.7,7.7,NA,104.5,104.5,104.5,9.97,NA,9.97,9.97
20,07.03.2023,17,Triple Stressor,5,5,0,2312.6,2251.621094,956.7463379,960.3916016,2142.579483,68.3909361,40.65071887,32.45091721,0.807957905,0,0,17.54481206,1.635661446,1.041231649,NA,0,7.999851264,NA,7.999851264,7.999851264,34.36,NA,34.36,34.36,7.6,NA,7.6,7.6,NA,103.1,103.1,103.1,9.84,NA,9.84,9.84
21,07.03.2023,17,Triple Stressor,6,6,0,2304.166667,2287.530762,1356.649902,1361.818726,2179.966725,49.9187835,57.64531694,23.81082091,0.579663723,0,0,18.39337359,1.193948371,0.760032184,NA,0,7.999851264,NA,7.999851264,7.999851264,34.36,NA,34.36,34.36,7.6,NA,7.6,7.6,NA,103.5,103.5,103.5,9.9,NA,9.9,9.9
22,04.04.2023,45,Triple Stressor,4,88,0,2296.633333,2192.438232,653.1251221,655.6460571,2074.533344,89.19062883,28.71415707,42.70824294,1.024725037,0,0,15.88232468,2.136314964,1.356950747,1.214573862,1,7.700356238,0.196884004,6.927448053,8.161168449,34.0757377,0.235240721,33.58,34.94,10.8295082,0.868205863,7.8,12.6,10.64597233,68.6,113.6,96.08360656,8.56557377,0.980867855,6.16,10.11
23,04.04.2023,45,Triple Stressor,5,89,0,2279.6,2208.188477,861.8880615,865.1761475,2098.990184,72.44843823,36.74988955,34.86291783,0.868628191,0,0,17.11895666,1.733224748,1.103044422,NA,1,7.754154407,0.147326196,7.394299268,8.115040118,34.11098361,0.230533475,33.33,34.54,11.09180328,1.029934477,7.4,12.4,7.791980254,81.4,113.4,99.60655738,8.749180328,1.166506601,1.62,10
24,04.04.2023,45,Triple Stressor,6,90,0,2293.133333,2210.941406,806.0936279,809.1728516,2098.611969,77.9549699,34.37435866,37.70388274,0.924941344,0,0,16.66530812,1.858641835,1.183726418,NA,1,7.783280617,0.166612024,7.487441855,8.251735542,34.31557377,0.549040146,33.73,36.97,11.32786885,1.286355465,7.8,14.9,9.18774219,68.7,120.5,99.68032787,8.78295082,0.836186471,6.01,10.19
25,04.05.2023,75,Triple Stressor,4,172,0,2282.633333,2221.477783,949.5108643,953.1098633,2113.684602,67.89968478,39.89344024,32.33394871,0.835422763,0,0,17.49257589,1.626970162,1.035902301,1.295219612,2,7.726608956,0.366256985,6.743988632,8.395495748,33.9921875,0.313057084,33.63,34.76,12.140625,0.580244317,11.1,13.8,10.22884865,69.5,113.1,95.803125,8.285,0.911977645,5.97,9.71
26,04.05.2023,75,Triple Stressor,5,173,0,2279.066667,2139.91748,549.9633789,552.0319214,2008.375135,108.8798645,22.6626374,51.48175965,1.46231036,0,0,14.26621468,2.608687372,1.662921968,NA,2,7.91823496,0.236969981,7.493579856,8.393937084,33.971875,0.203064228,33.53,34.48,12.203125,0.257136057,11.7,12.8,9.021942338,71.9,106.8,93.30625,8.096875,0.80966117,6.18,9.27
27,04.05.2023,75,Triple Stressor,6,174,0,2276.1,2194.612793,834.8712158,838.0073242,2082.60151,77.75068616,34.26044329,37.0031647,1.011825936,0,0,16.64511146,1.860911978,1.186834567,NA,2,8.041926026,0.251089623,7.559950333,8.427979178,34.2228125,0.696077649,33.67,36.66,12.54375,0.465546852,11.8,14,7.319036574,72.4,108.7,95.240625,8.1775,0.68067803,6.12,9.4
28,30.05.2023,101,Triple Stressor,4,256,0,2267.533333,2098.460449,453.7921753,455.4902039,1953.574423,126.3911398,18.49499243,59.3947529,1.792320044,0,0,13.09225277,3.034195155,1.934564145,2.373611008,3,7.79645848,0.182455127,7.58920206,8.263033414,34.38305556,0.417816224,32.78,35.29,12.11027778,0.522660699,11,13.1,4.685140306,83.3,103.1,92.74444444,7.817222222,0.897264449,3.23,8.97
29,30.05.2023,101,Triple Stressor,5,257,0,2272.081024,2068.813965,367.5657349,368.9446716,1906.515275,147.2217655,15.07691601,69.01730078,2.113572636,0,0,11.98118278,3.534292468,2.252510121,NA,3,7.800324651,0.146695306,7.550094566,8.129788631,34.30797222,0.867999358,33.92,39.33,12.29583333,0.249105543,11.9,13,5.347032258,80.4,101,90.88055556,7.896111111,0.558734682,6.94,9.53
30,30.05.2023,101,Triple Stressor,6,258,0,2268.861923,1994.882446,250.8304596,251.7702484,1792.913134,191.7138681,10.25543536,89.5827745,2.944326797,0,0,10.19794873,4.602231887,2.933758758,NA,3,7.77330321,0.268208681,6.680780256,8.258340259,34.69111111,0.837587617,34.09,39.11,12.45277778,0.362913694,12,13.8,9.238227601,54.2,100.5,87.99722222,7.569166667,0.818822761,4.55,8.61
31,27.06.2023,129,Triple Stressor,4,340,0,2249.4,2116.803223,596.394043,598.5944214,1988.305968,105.0306954,23.46658108,49.48347135,1.562310173,0,0,14.39679639,2.520425395,1.610865079,1.721337194,4,7.74134202,0.145649959,7.433997081,8.226977684,34.01629032,0.473903338,31.81,34.71,12.43548387,0.369357783,11.8,13.5,5.877552103,67.2,107.9,88.97903226,7.711129032,0.56487081,5.9,9.47
32,27.06.2023,129,Triple Stressor,5,341,0,2259.062972,2162.320557,749.2727051,752.0655518,2046.695281,85.39612207,30.22915876,40.41580523,1.175989014,0,0,15.97612329,2.048692065,1.307279663,NA,4,7.737700748,0.153976075,7.525907241,8.21862802,34.05854839,0.621847714,32.95,37.8,12.23870968,0.147498084,11.9,12.7,7.819951026,55.3,108.9,91.21290323,7.94483871,0.712549663,4.78,9.53
33,27.06.2023,129,Triple Stressor,6,342,0,2246.366667,2042.054688,363.9438782,365.3057251,1880.318305,146.9293262,14.80700717,70.03894853,2.159522311,0,0,11.84785115,3.520413647,2.245866841,NA,4,7.769785358,0.153274335,7.541677965,8.22319302,34.42516129,0.625152419,32.86,36.37,12.51774194,0.658991826,9.5,13.8,11.99686,35.1,104.9,86.3716129,7.417741935,1.050678812,3.06,9.67
34,26.07.2023,158,Triple Stressor,4,424,0,2310.1,2233.301758,905.909668,909.3082275,2120.226911,76.2376949,36.8371475,36.4442987,0.972517021,0,0,16.7633346,1.812558718,1.15814999,1.124717916,5,7.80879855,0.168159601,7.362054736,8.288720927,33.9837931,0.550555788,31.08,34.67,11.82758621,0.586034279,10.4,12.9,7.178208815,74.8,108.3,91.07758621,7.988448276,0.660663679,6.43,9.41
35,26.07.2023,158,Triple Stressor,5,425,0,2285.1,2206.415283,883.3128662,886.5969238,2094.137791,76.91182199,35.36544351,36.11152061,1.045809847,0,0,16.73784074,1.842461969,1.176664667,NA,5,7.756360141,0.157791901,7.30882278,8.280639081,33.93140351,0.379480089,32.95,34.94,12.02807018,0.356948569,11.1,12.7,12.29033485,56.9,107.9,91.27368421,7.956491228,1.095638254,4.96,9.36
36,26.07.2023,158,Triple Stressor,6,426,0,2306.166667,2246.437012,1047.942749,1051.848877,2136.155716,68.31254324,41.96856334,32.51549291,0.892363236,0,0,17.31469086,1.625270985,1.039339091,NA,5,7.785655977,0.15888312,7.457226278,8.302448506,34.26862069,0.391024064,33.35,35.37,12.33448276,0.618870427,8.4,13.4,10.12500752,56.7,108.3,93.20344828,8.055,0.88977476,4.92,9.4
37,07.03.2023,17,pH 1,10,10,0,2325.366667,2285.789551,1033.860352,1037.929688,2179.69052,58.40918744,47.68984,28.30029616,0.579248988,0,0,18.34038017,1.396307292,0.885290662,0.804120482,0,7.983616254,NA,7.983616254,7.983616254,34.34,NA,34.34,34.34,7.9,NA,7.9,7.9,NA,103.2,103.2,103.2,9.8,NA,9.8,9.8
38,07.03.2023,17,pH 1,11,11,0,2328.166667,2293.156494,1039.804565,1043.940186,2187.541717,56.32551697,49.28916702,27.46709852,0.528785458,0,0,18.50147423,1.346777156,0.852843608,NA,0,7.983616254,NA,7.983616254,7.983616254,34.39,NA,34.39,34.39,7.9,NA,7.9,7.9,NA,104.8,104.8,104.8,9.96,NA,9.96,9.96
39,07.03.2023,17,pH 1,12,12,0,2327.333333,2324.894775,1360.097656,1365.493042,2216.317855,44.49285355,64.08394949,21.63974593,0.418113968,0,0,18.66363888,1.064650451,0.674227177,NA,0,7.985401784,NA,7.985401784,7.985401784,34.4,NA,34.4,34.4,7.8,NA,7.8,7.8,NA,103.8,103.8,103.8,9.87,NA,9.87,9.87
40,04.04.2023,45,pH 1,10,94,0,2289.7,2130.865723,418.5810547,420.2328796,1992.416305,118.9906094,19.45878806,58.03552473,1.276438445,0,0,13.62306258,2.847492941,1.804283675,1.312890917,1,7.780565719,0.157141369,7.444895144,8.116068546,34.09032787,0.174039911,33.51,34.45,9.155737705,0.851180472,7.7,11,2.305614435,95.8,107.8,101.0459016,9.349180328,0.292297195,8.69,9.82
41,04.04.2023,45,pH 1,11,95,0,2300.866667,2220.708008,780.112793,783.1277466,2109.424417,76.87701381,34.40655698,36.84187114,0.863082678,0,0,16.91591195,1.841161573,1.169317092,NA,1,7.758391303,0.15146632,7.272949853,8.030850623,34.12655738,0.170018482,33.76,34.45,9.167213115,0.950214241,7.4,11,2.043648029,97,106.2,101.6016393,9.398032787,0.287939922,8.75,9.96
42,04.04.2023,45,pH 1,12,96,0,2285.566667,2233.126953,962.4992676,966.2191162,2127.225678,63.47012832,42.43110283,30.71507503,0.706137179,0,0,17.86867007,1.519347561,0.965071983,NA,1,7.730531952,0.183668239,6.796496691,8.005228502,34.12262295,0.153589297,33.75,34.38,9.239344262,0.942740454,7.6,11,2.28666125,96.4,106.3,101.157377,9.332786885,0.322113495,8.57,9.9
43,04.05.2023,75,pH 1,10,178,0,2276.4,2072.137695,327.4457703,328.7211914,1911.013354,146.3986053,14.72579581,70.85115662,1.745946275,0,0,11.99807316,3.504648855,2.223879126,1.471752447,2,7.947725367,0.214465548,7.594322662,8.376462662,33.9975,0.18007167,33.63,34.34,8.80625,1.129640965,7.5,12.4,2.120398243,94.2,102.7,99.55625,9.29625,0.313541169,8.7,9.81
44,04.05.2023,75,pH 1,11,179,0,2282.7,2200.139404,749.2804565,752.187561,2089.267754,77.50440974,33.36722288,37.5779558,0.861788549,0,0,16.78443783,1.855664571,1.178037278,NA,2,7.869209646,0.212387303,7.376378637,8.354482719,34.023125,0.144298917,33.73,34.29,8.828125,0.969281202,7.8,11.1,1.867849268,96.2,103.1,99.321875,9.255625,0.321919019,8.59,9.73
45,04.05.2023,75,pH 1,12,180,0,2283.7,2224.141113,907.3920898,910.8989868,2117.497639,66.62788562,40.0155526,32.22100203,0.745042921,0,0,17.64751294,1.595510118,1.013340937,NA,2,7.90567817,0.22135099,7.426877966,8.333463096,33.98125,0.218628422,33.13,34.33,8.753125,0.905889111,7.8,11.1,1.543061342,97.1,102.9,100.034375,9.356875,0.243898941,8.76,9.69
46,30.05.2023,101,pH 1,10,262,0,2307.573384,2247.782959,836.4707031,839.7976074,2141.524675,66.5082063,39.74998138,32.41027291,0.640177241,0,0,17.86458124,1.594175754,1.008739956,1.014519504,3,7.844882247,0.136402964,7.580521393,8.147405343,33.83380952,0.304852033,32.97,34.32,9.052380952,0.711771767,7.4,11,4.326947676,85.4,102.1,94.56190476,8.936190476,0.367307449,8.34,9.78
47,30.05.2023,101,pH 1,11,263,0,2305.617128,2218.251465,680.6230469,683.322998,2106.264595,79.86924002,32.11752771,38.83731521,0.791547919,0,0,16.75254468,1.914013567,1.211553012,NA,3,7.931284842,0.268175789,7.041106902,8.165316532,34.1992,0.108086385,34.01,34.38,9.672,1.598311609,8.3,13.5,2.322627822,89.4,99.2,95.428,8.75144,0.433095648,7.59,9.5
48,30.05.2023,101,pH 1,12,264,0,2304.976154,2273.739014,1058.276611,1062.480225,2169.354531,54.28959557,50.09502553,26.54599317,0.518827134,0,0,18.58348681,1.300673898,0.823265544,NA,3,7.89172072,0.233327815,7.485436373,8.195284061,34.1096,0.169225688,33.68,34.42,9.536,1.630919986,8.1,13.8,2.019760712,92.5,100.1,96.888,8.9188,0.404807773,7.83,9.46
49,27.06.2023,129,pH 1,10,346,0,2273.166667,2188.425781,744.7216797,747.5923462,2077.190946,78.57711978,32.65777132,37.9295581,0.908251124,0,0,16.6642538,1.883557989,1.196324506,1.352047836,4,7.804425057,0.167948573,7.207162,8.229453724,34.05,0.331165171,33.1,34.56,9.012727273,0.514261263,7.4,10.5,2.576486528,91,102,96.86363636,8.990181818,0.270421419,8.32,9.45
50,27.06.2023,129,pH 1,11,347,0,2273.466667,2176.658203,705.0922852,707.7786865,2061.490515,85.13393733,30.03382108,40.67438739,1.049023531,0,0,16.10596647,2.041571508,1.298598637,NA,4,7.789162279,0.158968565,7.133546398,8.205756197,34.05758065,0.285873327,33.22,34.55,9.183870968,0.629387823,7.5,11.3,2.730436881,85.7,103.6,97.25645161,9.000645161,0.252657164,8.37,9.57
51,27.06.2023,129,pH 1,12,348,0,2265.033333,2136.224854,557.1817627,559.3046875,2010.155075,102.3295482,23.74027598,48.93819112,1.293630601,0,0,14.70490459,2.454678514,1.561220365,NA,4,7.783313749,0.143280041,7.16355567,8.230022695,34.03548387,0.311478112,33.1,34.56,9.020967742,0.631713023,7.4,11,1.576459561,95.6,104.6,98.72580645,9.162741935,0.184525704,8.78,9.66
52,26.07.2023,158,pH 1,10,430,0,2282.366667,2255.796631,1094.34668,1098.670898,2152.486615,52.03492901,51.27525277,25.31662431,0.516795744,0,0,18.68777373,1.250749497,0.791257085,0.791257085,5,7.851613247,0.151996456,7.525422161,8.277229938,34.06883333,0.28003082,32.94,34.45,8.25,0.511395565,7,9.2,2.157139637,95.9,105.1,100.0283333,9.4495,0.260692851,8.94,10.07
53,26.07.2023,158,pH 1,11,431,0,2272.266667,NA,NA,NA,NA,NA,NA,NA,NA,NA,NA,NA,NA,NA,NA,5,7.842286187,0.145875205,7.541252556,8.249808772,34.0705,0.287952591,33.06,34.58,8.501666667,0.56732846,7.2,9.6,2.378716836,94.8,107.3,100.2033333,9.406666667,0.282492938,8.74,10.06
54,26.07.2023,158,pH 1,12,432,0,2256.3,NA,NA,NA,NA,NA,NA,NA,NA,NA,NA,NA,NA,NA,NA,5,7.794961973,0.158201945,7.421314101,8.255953915,34.07366667,0.281707666,33.13,34.58,8.71,0.484225749,7.1,9.6,2.012595227,96.5,105,100.2883333,9.374166667,0.256312122,8.9,10.01
55,07.03.2023,17,pH 2,13,13,0,2306.2,2292.173584,1231.887451,1236.767822,2186.338007,47.9704809,57.86529598,23.48662873,0.460153,0,0,18.68797077,1.148233028,0.727192408,0.706133123,0,7.983344205,NA,7.983344205,7.983344205,34.4,NA,34.4,34.4,7.8,NA,7.8,7.8,NA,103.7,103.7,103.7,9.87,NA,9.87,9.87
56,07.03.2023,17,pH 2,14,14,0,2293.766667,2277.916992,1233.353638,1238.207886,2172.468291,48.51715528,56.93162357,23.80685873,0.483240972,0,0,18.60894106,1.160647147,0.735725184,NA,0,7.977720378,NA,7.977720378,7.977720378,34.37,NA,34.37,34.37,8,NA,8,8,NA,103.7,103.7,103.7,9.82,NA,9.82,9.82
57,07.03.2023,17,pH 2,15,15,0,2281.133333,2279.852783,1369.973755,1375.380005,2172.933941,43.22483071,63.69404543,21.35338296,0.425234286,0,0,18.56359077,1.034507667,0.655481777,NA,0,7.975939435,NA,7.975939435,7.975939435,34.38,NA,34.38,34.38,8.1,NA,8.1,8.1,NA,103.7,103.7,103.7,9.8,NA,9.8,9.8
58,04.04.2023,45,pH 2,13,99,0,2306.8,2254.152832,908.2449341,911.8384399,2148.275029,63.416953,42.46089729,31.08873878,0.621849596,0,0,17.99419637,1.515902367,0.960570461,0.9226451,1,7.672832059,0.17362297,6.850593061,7.990993665,34.09885246,0.170196929,33.77,34.48,9.132786885,0.868086269,7.7,11.2,2.306550425,96.2,107.8,101.4442623,9.390491803,0.28515742,8.72,9.86
59,04.04.2023,45,pH 2,14,97,0,2292.466667,2243.489014,951.4536133,955.1838989,2138.279233,61.71794817,43.49173381,30.13487312,0.63690442,0,0,18.05509917,1.476877431,0.93652755,NA,1,7.685710846,0.131371461,7.29396439,8.014209568,34.09688525,0.168775403,33.4,34.34,9.006557377,0.601073721,7.7,10.8,1.950160425,96.5,105.4,101.4590164,9.411803279,0.215596136,8.87,9.87
60,04.04.2023,45,pH 2,15,98,0,2285.95,2247.045654,1037.341553,1041.397827,2142.573389,57.37228909,47.10004319,28.05558994,0.598411076,0,0,18.27941728,1.372844632,0.870837289,NA,1,7.668411245,0.14348811,7.296905933,8.025033968,34.09114754,0.157216394,33.73,34.34,9.124590164,0.644374564,7.7,11,1.897527871,96.1,104.7,101.4147541,9.383606557,0.214126386,8.87,9.82
61,04.05.2023,75,pH 2,13,181,0,2288.233333,2258.374268,1146.081543,1150.522339,2153.462214,54.02879101,50.88325244,26.15106926,0.586764397,0,0,18.4143024,1.293971123,0.821519781,1.017532019,2,7.812866976,0.208214377,7.456206364,8.250086853,34.0028125,0.129471242,33.77,34.23,8.6625,1.167227208,7.5,11.5,1.764696355,94.6,102.1,99.50625,9.3046875,0.320976176,8.54,9.72
62,04.05.2023,75,pH 2,14,182,0,2272.866667,2148.600342,540.1283569,542.2349243,2025.053017,99.17411022,24.3732038,48.36836011,1.109213681,0,0,14.96501888,2.37430435,1.506343822,NA,2,7.781678558,0.349194426,7.009182967,8.351872054,34.0190625,0.172577414,33.69,34.42,8.19375,0.874343071,6.9,10.4,1.763199072,96.6,103.7,99.9625,9.4590625,0.253177986,8.85,9.83
63,04.05.2023,75,pH 2,15,183,0,2287.9,2274.682861,1293.710571,1298.749634,2168.790449,47.70540797,58.18708954,23.2243235,0.501395355,0,0,18.56204136,1.142158866,0.724732452,NA,2,7.759532209,0.206037193,7.43779871,8.400081496,34.000625,0.244328408,33.01,34.58,8.409375,1.086087793,7.2,11.1,1.936741527,96.6,104.1,99.85,9.3928125,0.296084495,8.59,9.82
64,30.05.2023,101,pH 2,13,265,0,2336.639001,2319.973877,1188.178589,1192.923096,2213.571804,49.36947189,57.03255557,23.90223801,0.450749887,0,0,18.80968859,1.183126812,0.748378874,0.701505078,3,7.933955424,0.220514312,7.486136441,8.260305958,34.1828,0.150679572,33.8,34.53,9.196,1.406674566,7.9,13.1,2.543861894,88.1,99.6,96.104,8.8644,0.462881194,7.53,9.45
65,30.05.2023,101,pH 2,14,266,0,2417.010537,2424.004639,1464.707275,1470.571411,2310.013947,43.19341601,70.79741281,20.26591416,0.373080294,0,0,18.76059361,1.035239328,0.654631282,NA,3,8.061330263,0.212948322,7.65006142,8.262353507,34.079,0.41059442,33.18,34.81,8.59,0.440832546,8,9.2,3.596541549,85.7,97.9,95.38,9.066,0.172382005,8.85,9.32
66,30.05.2023,101,pH 2,15,267,0,NA,NA,NA,NA,NA,NA,NA,NA,NA,NA,NA,NA,NA,NA,NA,3,7.725553828,0.218298316,7.141411762,8.261157401,34.26805556,0.60421765,33.75,37.63,9.019444444,1.248042912,7.7,12.5,3.485274636,85.1,104.3,96.2425,8.957222222,0.419704734,7.7,9.54
67,27.06.2023,129,pH 2,13,349,0,2265.6,2215.702393,966.5258789,970.2612915,2111.150172,61.86997508,42.68223066,30.03532768,0.695295933,0,0,17.95384023,1.48369219,0.941908237,0.822120439,4,7.717600672,0.160543946,7.101387942,8.194332257,34.12258065,0.325953509,33.17,35.38,8.827419355,0.669761238,7.1,10.4,2.144285138,93.8,102.6,97.46774194,9.068870968,0.252535372,8.46,9.62
68,27.06.2023,129,pH 2,14,350,0,2278.133333,2295.994629,1712.683472,1719.268311,2183.305676,38.04631201,74.6427907,18.34651852,0.423885611,0,0,18.08467705,0.912386317,0.579618732,NA,4,7.747806124,0.152790614,7.388597078,8.212775181,34.04254545,0.304759882,33.09,34.52,8.690909091,0.613210352,6.6,10.2,1.761427337,94.7,102.4,98.28181818,9.166,0.265634112,8.02,9.75
69,27.06.2023,129,pH 2,15,351,0,2266.665743,2217.619629,1016.526489,1020.399475,2112.379038,61.92619633,43.31441145,29.71083331,0.745034405,0,0,17.89983501,1.485573963,0.944834349,NA,4,7.70072205,0.173077263,7.131407724,8.208676753,34.08258065,0.292383845,33.26,34.63,8.714516129,0.682533077,6.4,10.5,2.121133992,93.7,102.1,97.66935484,9.092258065,0.30371697,7.63,9.7
70,26.07.2023,158,pH 2,13,433,0,2270.8,NA,NA,NA,NA,NA,NA,NA,NA,NA,NA,NA,NA,NA,0.648494554,5,7.771968556,0.167918041,7.397433216,8.341606824,34.0635,0.29428929,33.02,34.48,8.608333333,0.539394408,7.3,10.3,1.842170023,97,104.6,100.4283333,9.4115,0.245714627,8.94,9.99
71,26.07.2023,158,pH 2,14,434,0,2271.733333,NA,NA,NA,NA,NA,NA,NA,NA,NA,NA,NA,NA,NA,NA,5,7.800287464,0.200372743,7.084182474,8.217125225,34.06266667,0.270823394,33.11,34.42,8.376666667,0.554906212,6.9,9.1,2.29251484,96.4,106.1,100.5783333,9.470333333,0.299377697,8.92,10.12
72,26.07.2023,158,pH 2,15,435,0,2281.533333,2280.520508,1409.753296,1415.367798,2171.188148,43.50667628,65.82567927,22.96421286,0.397950165,0,0,18.01865068,1.020371902,0.648494554,NA,5,7.701409162,0.13869853,7.348594685,7.980760774,34.05183333,0.260628261,33.12,34.43,8.311666667,0.608719597,6.5,9.1,2.476764337,96.8,107,100.9766667,9.520166667,0.327608135,8.94,10.25
73,07.03.2023,17,pH 3,16,16,0,2303.566667,2344.852783,1947.880615,1955.537354,2222.932456,32.2888581,89.6314748,15.78004655,0.316417674,0,0,17.39558138,0.772592424,0.489783214,0.637020125,0,7.974159944,NA,7.974159944,7.974159944,34.31,NA,34.31,34.31,8.2,NA,8.2,8.2,NA,105.1,105.1,105.1,9.94,NA,9.94,9.94
74,07.03.2023,17,pH 3,17,17,0,2301.466667,2291.984863,1323.402222,1328.583862,2185.108491,46.60309849,60.27321626,22.70619802,0.473413433,0,0,18.58318486,1.114840973,0.707125483,NA,0,7.942157852,NA,7.942157852,7.942157852,34.41,NA,34.41,34.41,8.5,NA,8.5,8.5,NA,104.3,104.3,104.3,9.75,NA,9.75,9.75
75,07.03.2023,17,pH 3,18,18,0,2327.3,2317.106934,1281.043457,1286.118652,2209.819257,47.10645839,60.18128878,22.84745878,0.447140414,0,0,18.71677471,1.127681644,0.714151679,NA,0,7.989078278,NA,7.989078278,7.989078278,34.37,NA,34.37,34.37,8.4,NA,8.4,8.4,NA,103.6,103.6,103.6,9.71,NA,9.71,9.71
76,04.04.2023,45,pH 3,16,100,0,2299.9,2264.44165,1104.060669,1108.338867,2158.921782,56.5446272,48.9752965,27.30033196,0.611773268,0,0,18.31383664,1.353014722,0.85923477,0.756241838,1,7.592905096,0.174745394,7.237114217,7.976884355,34.09918033,0.14841715,33.75,34.39,9.078688525,0.753461955,7.5,11,1.963880123,94.1,104.6,101.4131148,9.397213115,0.256145344,8.56,9.8
77,04.04.2023,45,pH 3,17,101,0,2313.1,2283.750244,1192.917114,1197.50354,2177.210286,54.63336063,51.90661968,26.03878519,0.608994639,0,0,18.39471904,1.307958596,0.831342325,NA,1,7.598710895,0.176868695,7.203032795,8.107477262,34.09639344,0.158324906,33.76,34.39,9.096721311,0.780591061,7.6,10.9,2.045999696,94.6,104.4,101.3295082,9.381803279,0.286330277,8.54,9.97
78,04.04.2023,45,pH 3,18,102,0,2290.5,2308.169434,1654.359741,1660.81189,2195.455408,38.0654902,74.64840652,18.55535264,0.392666383,0,0,18.15297883,0.911263322,0.57814842,NA,1,7.535955479,0.184813467,7.096562474,7.993617693,34.09163934,0.164379442,33.57,34.38,9.136065574,0.678241055,7.6,10.8,2.087638612,96.5,106.8,101.8098361,9.42,0.211707345,8.92,9.82
79,04.05.2023,75,pH 3,16,184,0,2284.166667,2244.761963,1042.74292,1046.804321,2140.224361,57.63826741,46.89934243,28.07403039,0.613877758,0,0,18.25775319,1.379970552,0.875630765,0.63920868,2,7.866861327,0.319320679,7.336530473,8.408401724,34.0775,0.19354086,33.79,34.55,8.371875,1.096102884,7,11,2.346030879,91.9,104.5,100.646875,9.4753125,0.354619145,8.46,9.98
80,04.05.2023,75,pH 3,17,185,0,2282.366667,2286.179932,1488.237427,1494.026611,2177.46789,41.9987464,66.71338829,20.48987689,0.44243774,0,0,18.41720399,1.005520417,0.638136691,NA,2,7.636427093,0.246295892,7.257330817,8.441309766,33.99193548,0.156235279,33.71,34.27,8.074193548,1.184614633,6.6,11.4,2.150928782,96.8,106.5,99.98709677,9.481290323,0.322497979,8.54,9.98
81,04.05.2023,75,pH 3,18,186,0,2294.433333,2364.906494,2450.712402,2460.258057,2228.102383,26.58502934,110.2190902,12.93895372,0.271954321,0,0,15.99414408,0.636458922,0.403858584,NA,2,7.579952784,0.220244373,7.362184909,8.349827828,34.0203125,0.1830474,33.65,34.42,8.190625,1.191734809,6.8,10.8,2.105290475,93.8,103,99.853125,9.44125,0.341143712,8.68,10
82,30.05.2023,101,pH 3,16,268,0,2353.735181,2382.815674,1688.293823,1695.07959,2264.790889,35.67228844,82.35230778,17.32647393,0.30762417,0,0,18.07899548,0.854000883,0.540007313,0.469337537,3,8.115223949,0.058797057,8.032515177,8.21448534,34.148,0.07130529,34.03,34.25,8.31,0.453259798,7.7,9,1.953031831,91.5,98.6,96.61,9.146,0.190274655,8.84,9.43
83,30.05.2023,101,pH 3,17,269,0,2370.833333,2430.727783,2086.080811,2094.51001,2298.371025,29.09871755,103.2580425,14.06570596,0.241172335,0,0,16.86342115,0.697202526,0.440519474,NA,3,7.694548066,0.24309351,7.332586482,8.294906734,34.03555556,0.399760246,32.43,34.82,8.511111111,1.01101866,7.1,11.2,2.467097774,90.5,101.6,97.01666667,9.196666667,0.434037523,8.1,10.2
84,30.05.2023,101,pH 3,18,270,0,2380.1,2446.062256,2206.73291,2215.602783,2310.015044,28.20485911,107.8422896,13.48038439,0.239140215,0,0,16.59161585,0.676444675,0.427485825,NA,3,7.600374211,0.205529529,7.221450218,8.236453341,34.2532,0.225863528,33.93,34.8,8.356,1.29134297,6.3,10.8,2.686459876,91.2,103.4,97.296,9.2052,0.491834322,8.13,10.15
85,27.06.2023,129,pH 3,16,352,0,2257.6,2125.142334,538.4435425,540.4977417,1997.978564,104.1487454,23.01517553,50.01986181,1.316389315,0,0,14.53075123,2.49813878,1.588605936,0.946186983,4,7.6511511,0.210217139,6.946197445,8.208383353,34.05454545,0.322540943,33.25,34.55,8.618181818,0.607084993,6.1,10,1.965274289,93.3,103,98.62545455,9.232363636,0.241522667,8.59,9.98
86,27.06.2023,129,pH 3,17,353,0,2260.366667,2256.968506,1488.365845,1494.014648,2149.760228,44.39062228,62.81769315,21.32154222,0.534696492,0,0,18.36249976,1.065142748,0.677768523,NA,4,7.631355113,0.17507285,7.013658278,8.194033022,34.09064516,0.296945494,33.23,34.56,8.280645161,0.780676191,5.4,9.9,2.04006732,93.7,103,98.35322581,9.277741935,0.25976925,8.69,10
87,27.06.2023,129,pH 3,18,354,0,2262.133333,2281.119141,1746.584717,1753.265259,2168.473837,37.54061163,75.10472658,18.18311056,0.431495507,0,0,17.98414304,0.899953512,0.572186491,NA,4,7.637355238,0.205324383,7.02905135,8.208383353,34.05887097,0.31190638,33.01,34.6,8.419354839,0.686840882,6,9.5,1.886068073,93.8,103,98.44354839,9.240967742,0.22800424,8.42,9.88
88,26.07.2023,158,pH 3,16,436,0,2294.366667,NA,NA,NA,NA,NA,NA,NA,NA,NA,NA,NA,NA,NA,0.42678413,5,7.754240849,0.17306907,7.543571247,8.123203251,33.96962963,0.32173187,33.13,34.54,8.548148148,0.259245014,8,9,1.545547783,97.8,104,100.5888889,9.428888889,0.151234238,9.19,9.77
89,26.07.2023,158,pH 3,17,437,0,2264.966667,2319.921387,1995.947021,2003.958862,2194.446842,28.12960457,97.34484988,14.04921302,0.253253473,0,0,16.90043737,0.675559792,0.42678413,NA,5,7.65160858,0.159910323,7.135149519,8.12490011,34.08233333,0.264916787,33.15,34.52,8.261666667,0.335519666,7,8.9,1.778636563,96.4,104.5,100.4133333,9.471833333,0.205405689,9.1,10.02
90,26.07.2023,158,pH 3,18,438,0,2260.366667,NA,NA,NA,NA,NA,NA,NA,NA,NA,NA,NA,NA,NA,NA,5,7.687612999,0.167729558,7.414868468,8.09656327,33.99342857,0.288698325,33.06,34.5,8.428571429,0.323193103,7.4,9,1.678820114,96.7,104.5,100.7457143,9.472571429,0.173871874,9.11,9.87