"","Treatment","Time_Period","Date","Day","pHT","pH","Salinity","Temperature","Oxygen_mgL","Oxygen_per","Tank"
"1","pH1",0,2023-02-27,9,7.98361625373617,8.02,34.34,7.9,9.8,103.2,"Tank10"
"2","pH1",1,2023-02-28,10,7.95168266295037,7.97,34.34,8.6,9.61,103.1,"Tank10"
"3","pH1",1,2023-03-01,11,7.87781968560616,7.91,34.1,8.6,9.69,103.6,"Tank10"
"4","pH1",1,2023-03-02,12,7.99015316621781,8.06,34.12,8.8,9.59,103,"Tank10"
"5","pH1",1,2023-03-03,13,7.99127868278195,8.06,34.07,8.1,9.8,103.6,"Tank10"
"6","pH1",1,2022-03-04,14,7.81564454473374,7.9,34.1,8.1,9.82,103.8,"Tank10"
"7","pH1",1,2023-03-05,15,7.76534606721834,7.86,34.14,9.4,9.25,101.1,"Tank10"
"8","pH1",1,2023-03-06,16,7.66219422022691,7.78,34.22,8.8,9.33,100.3,"Tank10"
"9","pH1",1,2023-03-07,17,7.6709819278518,7.79,34.45,8.6,9.39,98.7,"Tank10"
"10","pH1",1,2023-03-08,18,7.77245998111366,7.87,34.22,8.2,9.31,98.8,"Tank10"
"11","pH1",1,2023-03-09,19,7.7535569865514,7.82,34.26,9,8.88,95.8,"Tank10"
"12","pH1",1,2023-03-10,20,7.76522178603493,7.83,34.09,8.1,9.52,100.7,"Tank10"
"13","pH1",1,2023-03-13,23,7.98958897181558,8.05,34.19,8.5,8.96,95.8,"Tank10"
"14","pH1",1,2023-03-14,24,7.73835852575453,7.81,34.07,8.1,9.49,100.2,"Tank10"
"15","pH1",1,2023-03-15,25,7.67125195713045,7.75,34.03,8.6,9.41,100.7,"Tank10"
"16","pH1",1,2023-03-16,26,7.63638108151212,7.71,34.14,7.7,9.5,99.4,"Tank10"
"17","pH1",1,2023-03-17,27,7.66218885564778,7.73,34.33,8.2,9.54,101.2,"Tank10"
"18","pH1",1,2023-03-20,30,7.45673628335997,7.54,33.84,7.9,9.7,101.7,"Tank10"
"19","pH1",1,2023-03-21,31,7.74441291973506,7.8,34.06,8.8,9.41,101.1,"Tank10"
"20","pH1",1,2023-03-22,32,7.62835153092731,7.69,34.14,8.2,9.37,99.1,"Tank10"
"21","pH1",1,2023-03-23,33,7.84175140774562,7.9,34.15,8,9.56,100.8,"Tank10"
"22","pH1",1,2023-03-24,34,7.59848639403272,7.67,34.14,8.1,9.67,102.1,"Tank10"
"23","pH1",1,2023-03-27,37,7.77336606877816,7.84,34.03,8.5,9.74,104,"Tank10"
"24","pH1",1,2023-03-28,38,7.60227190885943,7.68,34.04,8.7,9.47,101.3,"Tank10"
"25","pH1",1,2023-03-29,39,7.66021870547473,7.73,34.2,8.6,9.23,98.7,"Tank10"
"26","pH1",1,2023-03-30,40,7.59887436801651,7.68,34.02,8.7,9.28,99.4,"Tank10"
"27","pH1",1,2023-03-31,41,7.94606705887537,7.99,33.86,8.9,9.21,98.9,"Tank10"
"28","pH1",1,2023-04-03,44,8.0089492448614,8.05,34.04,9.2,9.39,101.6,"Tank10"
"29","pH1",1,2023-04-04,45,8.02418489545463,8.07,34.28,8.4,9.56,101.8,"Tank10"
"30","pH1",1,2023-04-05,46,7.97800808054039,8.02,34.19,10.1,8.99,99.4,"Tank10"
"31","pH1",1,2023-04-06,47,7.88500202516475,7.95,34.11,9.9,9.07,99.8,"Tank10"
"32","pH1",1,2023-04-07,48,7.44489514364009,7.55,33.76,9.1,9.53,102.6,"Tank10"
"33","pH1",1,2023-04-10,51,7.64343873088918,7.72,34.12,9.6,9.22,100.7,"Tank10"
"34","pH1",1,2023-04-11,52,7.71063201319612,7.8,34.31,8.9,9.62,103.3,"Tank10"
"35","pH1",1,2023-04-12,53,7.53111582244672,7.61,34.15,8.9,9.16,98.2,"Tank10"
"36","pH1",1,2023-04-13,54,7.60174718158062,7.68,34.27,9,9.43,101.7,"Tank10"
"37","pH1",1,2023-04-14,55,7.86363607038712,7.93,34.1,9.4,9.14,99.5,"Tank10"
"38","pH1",1,2023-04-17,58,7.8734618747683,7.94,34.03,9.2,9.55,103.3,"Tank10"
"39","pH1",1,2023-04-18,59,7.85145598465052,7.92,33.92,9,9.67,104.2,"Tank10"
"40","pH1",1,2023-04-19,60,7.769724662305,7.84,34.2,9.3,9.64,104.6,"Tank10"
"41","pH1",1,2023-04-20,61,7.79895429759899,7.86,34.23,8.9,9.53,103,"Tank10"
"42","pH1",1,2023-04-21,62,7.79526548781582,7.85,34.21,9.8,9.19,100.8,"Tank10"
"43","pH1",1,2023-04-24,65,7.73026625749815,7.78,34.14,10.8,8.69,97.5,"Tank10"
"44","pH1",1,2023-04-25,66,7.87729958891602,7.92,34.11,10.6,8.74,97.6,"Tank10"
"45","pH1",1,2023-04-26,67,7.75913286672144,7.82,33.88,10.5,8.94,99.5,"Tank10"
"46","pH1",1,2023-04-27,68,7.87938050171075,7.94,34.12,9.4,9.53,103.7,"Tank10"
"47","pH1",1,2023-04-28,69,7.77895713228552,7.83,34.08,10.5,8.91,99.2,"Tank10"
"48","pH1",1,2023-05-01,72,7.69608884588443,7.76,34.1,9.7,9.19,100.5,"Tank10"
"49","pH1",1,2023-05-02,73,7.99961254677504,8.06,33.88,11,8.82,98.6,"Tank10"
"50","pH1",1,2023-05-03,74,7.73495870510319,7.79,34.11,9.3,9.72,105.3,"Tank10"
"51","pH1",1,2023-05-04,75,8.11606854641066,8.16,34.19,9.4,9.48,103.1,"Tank10"
"52","pH1",1,2023-05-05,76,7.74655200310339,7.82,34.15,10.1,9.02,99.7,"Tank10"
"53","pH1",1,2023-05-08,79,7.90022043166451,7.94,34.27,11,8.8,99.2,"Tank10"
"54","pH1",1,2023-05-09,80,7.98750826923929,8.02,34.31,10.8,8.93,100.3,"Tank10"
"55","pH1",1,2023-05-10,81,7.67146163313109,7.73,34.38,10.8,8.96,100.7,"Tank10"
"56","pH1",1,2023-05-12,83,7.44640028416631,7.48,33.81,10.3,9.74,107.8,"Tank10"
"57","pH1",1,2023-05-15,86,7.61556722665635,7.65,33.89,9.6,9.39,101.5,"Tank10"
"58","pH1",1,2023-05-16,87,7.64435349212017,7.69,33.83,9.4,9.07,98.5,"Tank10"
"59","pH1",1,2023-05-17,88,7.97077901388466,8,33.74,9.1,9.43,101.5,"Tank10"
"60","pH1",1,2023-05-18,89,7.75490505743016,7.79,33.84,8.8,9.48,101.5,"Tank10"
"61","pH1",1,2023-05-19,90,8.05667792978136,8.08,33.9,9.4,9.63,104.6,"Tank10"
"62","pH1",1,2023-05-22,93,7.90320126829784,7.94,33.51,9.5,9.41,102.1,"Tank10"
"63","pH1",2,2023-05-23,94,7.81387261049889,7.86,33.8,8.4,9.48,100.4,"Tank10"
"64","pH1",2,2023-05-24,95,7.76647048519924,7.82,33.84,8.1,9.57,100.6,"Tank10"
"65","pH1",2,2023-05-25,96,7.63709919046353,7.73,34.09,8,9.67,101.5,"Tank10"
"66","pH1",2,2023-05-27,98,7.72466496954961,7.8,33.95,7.8,9.56,100,"Tank10"
"67","pH1",2,2023-05-29,100,7.78787414145747,7.86,34.03,7.8,9.49,99.3,"Tank10"
"68","pH1",2,2023-05-30,101,7.75318318608155,7.82,34.02,7.8,9.69,101.7,"Tank10"
"69","pH1",2,2023-05-31,102,7.7453143992836,7.81,34.32,7.5,9.75,101.8,"Tank10"
"70","pH1",2,2023-06-01,103,7.74203159378835,7.81,34.16,7.8,9.73,102.1,"Tank10"
"71","pH1",2,2023-06-02,104,8.03102723523245,8.06,34.1,7.7,9.76,102.1,"Tank10"
"72","pH1",2,2023-06-05,107,7.67476945975904,7.72,34.34,7.6,9.81,102.7,"Tank10"
"73","pH1",2,2023-06-06,108,7.96289972050775,7.99,34.23,8.5,9.56,101.9,"Tank10"
"74","pH1",2,2023-06-07,109,7.81774507243225,7.85,34.07,9.2,9.34,101.1,"Tank10"
"75","pH1",2,2023-06-08,110,8.34427400648024,8.36,34.1,9.7,9.28,101.3,"Tank10"
"76","pH1",2,2023-06-09,111,8.25397775046855,8.27,34.16,9.2,9.25,100.1,"Tank10"
"77","pH1",2,2023-06-14,114,8.03944748852549,8.04,34.09,9.9,9.01,98.9,"Tank10"
"78","pH1",2,2023-06-15,115,8.29465514006308,8.29,34.05,10,9.19,101.5,"Tank10"
"79","pH1",2,2023-06-16,116,8.28959500889377,8.28,34.01,10,9.11,100.3,"Tank10"
"80","pH1",2,2023-06-19,121,8.11826839453114,8.14,34.04,8.2,9.18,97,"Tank10"
"81","pH1",2,2023-06-20,122,8.05397079496564,8.07,34.02,7.9,9.38,98.6,"Tank10"
"82","pH1",2,2023-06-21,123,8.02015515012486,8.05,33.77,8,9.3,97.8,"Tank10"
"83","pH1",2,2023-06-22,124,8.37646266163105,8.38,33.82,12.4,8.7,100.6,"Tank10"
"84","pH1",2,2023-06-23,125,7.94964617967975,7.98,33.93,9,9.08,97.7,"Tank10"
"85","pH1",2,2023-06-26,128,7.59432266155455,7.71,34.16,7.7,9.02,94.2,"Tank10"
"86","pH1",2,2023-06-27,129,7.79827683475488,7.86,33.96,10.2,8.9,98.5,"Tank10"
"87","pH1",2,2023-06-28,130,7.87172839239995,7.93,33.81,8.9,9.05,97.3,"Tank10"
"88","pH1",2,2023-06-29,131,7.99492200912704,8.02,33.69,10.6,8.73,97.3,"Tank10"
"89","pH1",2,2023-06-30,132,7.85824557683054,7.9,33.8,10.4,8.71,96.5,"Tank10"
"90","pH1",2,2023-07-04,136,7.95469285502253,8,34.18,8.5,9.21,99.7,"Tank10"
"91","pH1",2,2023-07-05,137,8.00058061059464,7.78,33.93,8.1,9.34,99.2,"Tank10"
"92","pH1",2,2023-07-06,138,7.7966234594828,7.85,34.12,8.8,9.35,101,"Tank10"
"93","pH1",2,2023-07-07,139,8.09892282198006,8.14,33.7,8.8,9.24,97,"Tank10"
"94","pH1",2,2023-07-10,142,8.16149186947158,8.2,33.63,9.3,9.04,96.1,"Tank10"
"95","pH1",3,2023-07-11,143,8.09529733271204,8.12,33.78,9.2,9.06,95.9,"Tank10"
"96","pH1",3,2023-07-12,144,8.14740534270449,8.2,34.15,8.9,8.8,94.6,"Tank10"
"97","pH1",3,2023-07-13,145,7.90827647157727,7.98,33.9,9.1,9.02,96.3,"Tank10"
"98","pH1",3,2023-07-14,146,7.81822091189856,7.89,34.09,9.1,8.63,92,"Tank10"
"99","pH1",3,2023-07-17,149,7.8651470463975,7.98,33.77,8.8,8.74,92.2,"Tank10"
"100","pH1",3,2023-07-18,150,7.79475094610974,7.87,33.42,9.3,8.83,88.4,"Tank10"
"101","pH1",3,2023-07-19,151,7.81705677570335,7.89,33.91,9.2,8.41,90.1,"Tank10"
"102","pH1",3,2023-07-20,152,7.58052139344343,7.58,34.13,8.4,9.42,100.8,"Tank10"
"103","pH1",3,2023-07-21,153,7.7356391840926,7.79,34,8.8,8.98,96.4,"Tank10"
"104","pH1",3,2023-07-24,156,7.82316420337178,7.9,33.68,8.9,9.08,96.1,"Tank10"
"105","pH1",3,2023-07-25,157,7.7592916217816,7.84,33.83,9.3,9.02,95.2,"Tank10"
"106","pH1",3,2023-07-26,158,7.64098558539358,7.82,33.51,8.3,8.72,91,"Tank10"
"107","pH1",3,2023-07-27,159,7.796535251346,7.88,33.91,8.9,8.9,94.1,"Tank10"
"108","pH1",3,2023-07-28,160,7.76884943064216,7.87,33.73,11,8.45,94,"Tank10"
"109","pH1",3,2023-07-31,163,7.82134954424355,7.88,33.76,10,8.34,89.7,"Tank10"
"110","pH1",3,2023-08-01,164,7.90754983203547,7.97,33.7,9.7,8.65,93.3,"Tank10"
"111","pH1",3,2023-08-02,165,7.76075761224369,7.84,33.79,9.6,8.81,85.4,"Tank10"
"112","pH1",3,2023-08-03,166,7.87252514205833,7.94,32.97,9.2,9.36,99.4,"Tank10"
"113","pH1",3,2023-08-04,167,7.84390017097209,7.85,33.84,8.5,9.2,97.8,"Tank10"
"114","pH1",3,2023-08-07,170,7.90852494408758,7.97,34.32,7.4,9.78,102.1,"Tank10"
"115","pH1",3,2023-08-08,171,8.07677844835559,8.13,34.32,8.5,9.46,101,"Tank10"
"116","pH1",4,2023-09-08,201.878787878788,8.04441461538583,8.08,34.19,10,8.75,96.4,"Tank10"
"117","pH1",4,2023-09-11,203.181818181818,7.20716200005311,7.89,33.3,7.9,9.33,98.3,"Tank10"
"118","pH1",4,2023-09-12,204.484848484849,7.78734253287323,7.84,34.23,9.5,8.61,93.8,"Tank10"
"119","pH1",4,2023-09-13,205.787878787879,7.80654554868811,7.86,34.35,9.6,9.11,99.7,"Tank10"
"120","pH1",4,2023-09-14,207.090909090909,7.69327734729445,7.75,34.32,8.9,8.84,95.2,"Tank10"
"121","pH1",4,2023-09-15,208.393939393939,7.6601420087414,7.71,34.18,10.5,8.32,92.5,"Tank10"
"122","pH1",4,2023-09-18,209.69696969697,7.71958764798672,7.78,33.56,8.1,8.98,94.5,"Tank10"
"123","pH1",4,2023-09-19,211,7.77699590359789,7.83,34.51,8.2,9.05,96,"Tank10"
"124","pH1",4,2023-09-20,212.30303030303,7.83813658034368,7.9,34.44,8.6,8.96,95.9,"Tank10"
"125","pH1",4,2023-09-21,213.606060606061,7.82075700962048,7.86,34.35,9.9,8.67,95.3,"Tank10"
"126","pH1",4,2023-09-25,216.212121212121,7.85722788858225,7.91,34.52,8.3,9.16,97.6,"Tank10"
"127","pH1",4,2023-09-26,217.515151515152,7.72546430156892,7.79,34.38,8.4,9.11,97,"Tank10"
"128","pH1",4,2023-09-27,218.818181818182,7.75479610376278,7.81,34.56,7.4,9.44,98.3,"Tank10"
"129","pH1",4,2023-09-28,220.121212121212,7.85322547918311,7.9,34.3,7.8,9.29,97.7,"Tank10"
"130","pH1",4,2023-09-29,221.424242424242,7.74197121014156,7.79,34.37,8.3,9.2,97.6,"Tank10"
"131","pH1",4,2023-10-02,222.727272727273,7.91246041294022,7.95,34.53,9,8.59,92.8,"Tank10"
"132","pH1",4,2023-10-03,224.030303030303,7.81551612503396,7.86,34.4,9.5,8.33,91,"Tank10"
"133","pH1",4,2023-10-04,225.333333333333,7.76845449822569,7.82,34.28,9.1,8.75,94.7,"Tank10"
"134","pH1",4,2023-10-05,226.636363636364,7.86303874659196,7.85,34.15,9.5,8.68,94.6,"Tank10"
"135","pH1",4,2023-10-06,227.939393939394,7.85070868785271,7.89,34.35,9.2,8.58,92.9,"Tank10"
"136","pH1",4,2023-10-09,229.242424242424,7.88403247412446,7.92,34.3,9,8.93,96.3,"Tank10"
"137","pH1",4,2023-10-10,230.545454545455,7.85427021791099,7.89,34.11,9,8.61,93.1,"Tank10"
"138","pH1",4,2023-10-11,231.848484848485,7.76091911635757,7.8,34,9.2,8.73,94.5,"Tank10"
"139","pH1",4,2023-10-12,233.151515151515,7.65545448892214,7.69,33.1,8.9,8.86,94.7,"Tank10"
"140","pH1",4,2023-10-13,234.454545454545,7.78383603917064,7.82,33.47,8.8,9.24,98.6,"Tank10"
"141","pH1",4,2023-10-16,235.757575757576,7.70479915862763,7.75,34,9,9.32,100.4,"Tank10"
"142","pH1",4,2023-10-17,237.060606060606,7.49662328849525,7.54,34.05,9.3,9.33,101.2,"Tank10"
"143","pH1",4,2023-10-18,238.363636363636,8.13325144626345,8.16,34,9.2,9.3,100.6,"Tank10"
"144","pH1",4,2023-10-19,239.666666666667,7.63159700469051,7.68,34.41,9.3,9.23,100.3,"Tank10"
"145","pH1",4,2023-10-20,241,7.81319443504913,7.85,34.15,9.2,9.26,100.3,"Tank10"
"146","pH1",4,2023-10-23,244,7.62315642757292,7.67,33.85,9.2,9.42,101.7,"Tank10"
"147","pH1",4,2023-10-24,245,7.86070868785271,7.89,33.78,9.2,9.25,99.9,"Tank10"
"148","pH1",4,2023-10-25,246,7.81592861822662,7.85,33.9,9.2,9.3,100.5,"Tank10"
"149","pH1",4,2023-10-26,247,7.63980045650974,7.68,33.98,9.1,8.97,96.9,"Tank10"
"150","pH1",4,2023-10-27,248,8.08437372649828,8.12,34.04,8.9,9.04,97.2,"Tank10"
"151","pH1",4,2023-10-30,251,7.89143556079962,7.93,34.05,9.1,8.95,96.5,"Tank10"
"152","pH1",4,2023-10-31,252,7.74936974371531,7.79,34.07,9,9.11,98.1,"Tank10"
"153","pH1",4,2023-11-01,253,7.7300829750749,7.77,34.05,9,8.97,96.8,"Tank10"
"154","pH1",4,2023-11-02,254,7.84930934614696,7.88,33.81,8.9,8.78,94.3,"Tank10"
"155","pH1",4,2023-11-03,255,7.73636847897445,7.78,33.83,9.2,8.79,95,"Tank10"
"156","pH1",4,2023-11-06,258,7.78319443504913,7.81,33.86,9.2,8.93,96.5,"Tank10"
"157","pH1",4,2023-11-07,259,7.83331924276487,7.87,34,9,9.04,97.4,"Tank10"
"158","pH1",4,2023-11-08,260,7.81638748271255,7.85,33.98,9.2,8.94,96.5,"Tank10"
"159","pH1",4,2023-11-09,261,7.75231434642941,7.79,34.08,9.1,8.95,96.9,"Tank10"
"160","pH1",4,2023-11-10,262,7.93049825934785,7.46,33.28,9.2,8.61,92.3,"Tank10"
"161","pH1",4,2023-11-13,265,8.00154668015704,8.03,33.28,9.1,8.84,94.9,"Tank10"
"162","pH1",4,2023-11-14,266,7.40561929627437,7.45,34.39,9,8.78,94.7,"Tank10"
"163","pH1",4,2023-11-15,267,7.85403247412446,7.88,34.08,9,9.09,98,"Tank10"
"164","pH1",4,2023-11-16,268,7.76179161409645,7.78,33.89,9.1,9.08,97.9,"Tank10"
"165","pH1",4,2023-11-17,269,7.75592268139278,7.79,33.9,8.9,9.09,97.6,"Tank10"
"166","pH1",4,2023-11-20,272,8.22945372362955,8.25,34.03,8.9,9.1,97.7,"Tank10"
"167","pH1",4,2023-11-21,273,8.12940843589321,8.15,34.01,9,9.13,98.3,"Tank10"
"168","pH1",4,2023-11-23,275,7.79170493937194,7.75,34.02,9.4,9.18,99.8,"Tank10"
"169","pH1",4,2023-11-24,276,8.0193219362432,8.05,33.8,9.1,9.45,102,"Tank10"
"170","pH1",4,2023-11-27,279,7.98312622476821,8.01,33.93,9.1,9.11,98.3,"Tank10"
"171","pH1",5,2023-11-28,280,7.5848526117712,7.83,33.51,9,9.15,98.1,"Tank10"
"172","pH1",5,2023-11-29,281,7.78213052383221,7.82,33.59,9,9.22,99,"Tank10"
"173","pH1",5,2023-11-30,282,7.84465356016258,7.88,33.75,9,9.31,100.1,"Tank10"
"174","pH1",5,2023-12-01,283,7.83717659649295,7.87,33.96,9,9.18,98.8,"Tank10"
"175","pH1",5,2023-12-04,286,8.10161524847728,8.12,34.03,8.9,9.31,100,"Tank10"
"176","pH1",5,2023-12-05,287,7.8719584203665,7.92,34.23,7.7,9.45,99,"Tank10"
"177","pH1",5,2023-12-06,288,7.84272252127928,7.88,33.97,8.4,9.69,103,"Tank10"
"178","pH1",5,2023-12-07,289,7.86145824831066,7.89,34.1,8.4,9.49,101,"Tank10"
"179","pH1",5,2023-12-08,290,7.79291029111095,7.84,34.25,7.5,9.49,98.9,"Tank10"
"180","pH1",5,2023-12-11,293,7.92759457682883,8.19,34.3,7.4,9.55,99.3,"Tank10"
"181","pH1",5,2023-12-12,294,7.94680109099103,7.98,34.15,8,9.68,102.3,"Tank10"
"182","pH1",5,2023-12-13,295,7.84026690150139,7.88,34.01,8.3,9.61,101.9,"Tank10"
"183","pH1",5,2023-12-14,296,7.94707398846634,7.97,34.12,7.5,9.53,99.3,"Tank10"
"184","pH1",5,2023-12-15,297,7.83474955575273,7.86,34.45,7.8,9.69,101.9,"Tank10"
"185","pH1",5,2023-12-18,300,8.01829798212096,8.04,34.36,8,9.48,100.1,"Tank10"
"186","pH1",5,2023-12-19,301,8.03641208446803,8.05,33.94,8.2,9.55,100.4,"Tank10"
"187","pH1",5,2023-12-20,302,7.86687830026509,7.95,33.87,7.9,9.65,101.3,"Tank10"
"188","pH1",5,2023-12-21,303,8.01654279649368,8.03,33.77,8.8,9.31,99.7,"Tank10"
"189","pH1",5,2023-12-22,304,7.91209009797642,7.92,33.8,8.5,9.43,100.3,"Tank10"
"190","pH1",5,2023-12-30,309,8.25502120355691,8.27,34.43,8.6,9.31,99.7,"Tank10"
"191","pH1",5,2024-01-01,312,8.0197797997486,8.03,34.22,8.5,9.05,96.4,"Tank10"
"192","pH1",5,2024-01-02,313,8.0591698319994,8.07,34.13,8.6,9.06,96.7,"Tank10"
"193","pH1",5,2024-01-03,314,7.74640129713293,7.76,34.08,8.5,8.99,95.9,"Tank10"
"194","pH1",5,2024-01-04,315,7.82837389510169,7.84,34.07,8.7,9.16,98,"Tank10"
"195","pH1",5,2024-01-05,316,7.80026308649989,7.81,34.11,8.5,9.02,96.1,"Tank10"
"196","pH1",5,2024-01-08,319,7.54128320076969,7.55,33.21,8.6,9.54,101.3,"Tank10"
"197","pH1",5,2024-01-09,320,7.56347390280883,7.58,32.94,7.9,9.84,102.7,"Tank10"
"198","pH1",5,2024-01-10,321,7.65911699940302,7.67,33.99,8.3,9.72,103.1,"Tank10"
"199","pH1",5,2024-01-11,322,7.89617559477863,7.9,33.94,8.1,9.95,105.1,"Tank10"
"200","pH1",5,2024-01-12,323,7.79383979613212,7.8,34.01,8.3,9.72,103,"Tank10"
"201","pH1",5,2024-01-15,326,8.01914066962815,8.02,33.96,9.2,9.26,100.2,"Tank10"
"202","pH1",5,2024-01-16,327,7.75408592726803,7.75,34.09,9,9.12,98.2,"Tank10"
"203","pH1",5,2024-01-17,328,7.65585727183985,7.67,34.06,7,10.07,103.5,"Tank10"
"204","pH1",5,2024-01-18,329,7.84301927812693,7.85,33.95,8.1,9.56,100.6,"Tank10"
"205","pH1",5,2024-01-19,330,7.86608546400809,7.87,34.28,7.5,9.36,97.5,"Tank10"
"206","pH1",5,2024-01-22,333,7.73523984932463,7.75,34.35,9.1,9.03,97.8,"Tank10"
"207","pH1",5,2024-01-23,334,7.8282172101748,7.83,34.38,8,9.6,101.4,"Tank10"
"208","pH1",5,2024-01-24,335,7.85903702100972,7.86,34.2,8.1,9.69,102.4,"Tank10"
"209","pH1",5,2024-01-25,336,7.71673594933775,7.72,34.17,7.9,9.62,101.2,"Tank10"
"210","pH1",5,2024-01-26,337,8.05016465731153,8.07,33.95,7.7,9.78,102.3,"Tank10"
"211","pH1",5,2024-01-29,340,7.76178640796096,7.77,34.15,8.3,9.51,100.7,"Tank10"
"212","pH1",5,2024-01-30,341,7.85644081411706,7.86,34.22,8,9.9,104.5,"Tank10"
"213","pH1",5,2024-01-31,342,7.93802881405363,7.95,34.17,7.6,9.73,101.6,"Tank10"
"214","pH1",5,2024-02-01,343,7.72636736006949,7.74,34.22,7.7,9.73,101.9,"Tank10"
"215","pH1",5,2024-02-02,344,7.71021152225768,7.72,34.23,7.9,9.81,103.2,"Tank10"
"216","pH1",5,2024-02-05,347,7.94642221957238,7.95,33.91,8,9.35,98.3,"Tank10"
"217","pH1",5,2024-02-06,348,7.85496357721261,7.87,33.81,7.9,9.26,97.1,"Tank10"
"218","pH1",5,2024-02-07,349,8.27722993799041,8.28,33.79,7.7,9.46,98.8,"Tank10"
"219","pH1",5,2024-02-08,350,8.099776896541,8.1,33.8,7.6,9.42,98.3,"Tank10"
"220","pH1",5,2024-02-09,351,7.77199958469439,7.77,34.15,7.7,9.31,97.5,"Tank10"
"221","pH1",5,2024-02-12,354,7.77295683488954,7.78,34.29,8.3,9.42,100.1,"Tank10"
"222","pH1",5,2024-02-13,355,7.66330283862225,7.67,34.3,8.6,9.34,100,"Tank10"
"223","pH1",5,2024-02-14,356,7.78840660962233,7.78,34.27,8.6,9.24,99.1,"Tank10"
"224","pH1",5,2024-02-15,357,7.81750981081868,7.81,34.19,7.8,9.44,99,"Tank10"
"225","pH1",5,2024-02-16,358,7.52542216089661,7.53,34.23,8,9.55,100.8,"Tank10"
"226","pH1",5,2024-02-19,361,7.90738972592453,7.91,34.33,8.9,9.71,100.9,"Tank10"
"227","pH1",5,2024-02-20,362,7.81447588134395,7.82,34.37,8.7,9.34,100.1,"Tank10"
"228","pH1",5,2024-02-21,363,7.74506638340838,7.74,34.32,8.8,9.2,98.9,"Tank10"
"229","pH1",5,2024-02-22,364,7.93017184001586,7.91,34.36,8.6,9.09,97.2,"Tank10"
"230","pH1",5,2024-02-23,365,7.83219830010711,7.83,34.34,8.8,8.94,96.2,"Tank10"
"231","pH1",0,2023-02-27,9,7.98361625373617,8.02,34.39,7.9,9.96,104.8,"Tank11"
"232","pH1",1,2023-02-28,10,7.97102121738807,7.99,34.39,8.2,9.72,103.1,"Tank11"
"233","pH1",1,2023-03-01,11,7.88139358986331,7.91,34.26,8.4,9.77,103.8,"Tank11"
"234","pH1",1,2023-03-02,12,7.92750172035407,8,34.15,8.4,9.69,102.9,"Tank11"
"235","pH1",1,2023-03-03,13,7.95163035522002,8.03,34.06,7.9,9.87,103.7,"Tank11"
"236","pH1",1,2022-03-04,14,7.77758624338417,7.87,34.2,7.8,9.96,104.5,"Tank11"
"237","pH1",1,2023-03-05,15,7.71998368047917,7.82,34.29,8.8,9.42,101.1,"Tank11"
"238","pH1",1,2023-03-06,16,7.73609804234248,7.86,34.45,7.9,9.66,101.8,"Tank11"
"239","pH1",1,2023-03-07,17,7.66742522461555,7.79,34.45,7.8,9.39,98.7,"Tank11"
"240","pH1",1,2023-03-08,18,7.71654728937427,7.83,34.37,7.6,9.39,98.3,"Tank11"
"241","pH1",1,2023-03-09,19,7.7722296456551,7.85,34.28,8,9.27,97.5,"Tank11"
"242","pH1",1,2023-03-10,20,7.74196524947437,7.82,34.17,7.4,9.78,101.7,"Tank11"
"243","pH1",1,2023-03-13,23,7.92198489644949,7.99,34.34,7.9,9.21,97,"Tank11"
"244","pH1",1,2023-03-14,24,7.6312286740925,7.72,34.15,7.6,9.67,100.9,"Tank11"
"245","pH1",1,2023-03-15,25,7.65095933081482,7.73,33.99,9.5,9.22,100.5,"Tank11"
"246","pH1",1,2023-03-16,26,7.27294985295203,7.37,34.16,7.5,9.62,100.3,"Tank11"
"247","pH1",1,2023-03-17,27,7.77035388310652,7.83,34.4,8,9.62,101.6,"Tank11"
"248","pH1",1,2023-03-20,30,7.5751989609181,7.65,33.82,7.7,9.86,103,"Tank11"
"249","pH1",1,2023-03-21,31,7.76210428504861,7.82,33.97,9.2,9.36,101.3,"Tank11"
"250","pH1",1,2023-03-22,32,7.68456183885771,7.74,34.13,8.4,9.51,101,"Tank11"
"251","pH1",1,2023-03-23,33,7.97183459378573,8.02,34.16,8.2,9.43,100,"Tank11"
"252","pH1",1,2023-03-24,34,7.8149896982305,7.87,34.18,8.3,9.45,100.6,"Tank11"
"253","pH1",1,2023-03-27,37,7.79724656547561,7.86,33.93,9.3,9.43,102.2,"Tank11"
"254","pH1",1,2023-03-28,38,7.58370572464585,7.66,33.93,9.9,9.16,100.7,"Tank11"
"255","pH1",1,2023-03-29,39,7.69247132282689,7.75,34.2,9.4,9.1,99,"Tank11"
"256","pH1",1,2023-03-30,40,7.70097252710849,7.76,34,10.1,8.97,99,"Tank11"
"257","pH1",1,2023-03-31,41,7.9102024316769,7.95,33.89,10.9,8.75,98.3,"Tank11"
"258","pH1",1,2023-04-03,44,7.73965565507588,7.8,34.11,9.4,9.39,102.2,"Tank11"
"259","pH1",1,2023-04-04,45,7.78397777012166,7.83,34.11,10,9.02,99.6,"Tank11"
"260","pH1",1,2023-04-05,46,7.8126908558285,7.86,34.32,10.6,8.89,99.3,"Tank11"
"261","pH1",1,2023-04-06,47,7.62295816127506,7.71,34.23,9.7,9.12,100,"Tank11"
"262","pH1",1,2023-04-07,48,7.7293888435342,7.81,33.84,9.1,9.54,103,"Tank11"
"263","pH1",1,2023-04-10,51,7.68467324034485,7.76,34.17,9.7,9.29,101.7,"Tank11"
"264","pH1",1,2023-04-11,52,7.82098246017963,7.89,34.3,9.4,9.38,102.3,"Tank11"
"265","pH1",1,2023-04-12,53,7.45420420334423,7.53,34.05,9.6,9.07,99,"Tank11"
"266","pH1",1,2023-04-13,54,7.81211631729328,7.87,34.21,9.5,9.17,100.1,"Tank11"
"267","pH1",1,2023-04-14,55,7.94281158551562,8,34.1,9.2,9.36,101.3,"Tank11"
"268","pH1",1,2023-04-17,58,8.03085062324066,8.08,33.95,9.9,9.33,102.5,"Tank11"
"269","pH1",1,2023-04-18,59,7.65160741308647,7.73,34.18,9.2,9.69,104.9,"Tank11"
"270","pH1",1,2023-04-19,60,7.71121233875269,7.79,34.25,9.5,9.59,104.5,"Tank11"
"271","pH1",1,2023-04-20,61,7.76713240742089,7.83,34.3,9.7,9.36,102.6,"Tank11"
"272","pH1",1,2023-04-21,62,7.51908365841384,7.6,34.19,9.2,9.65,104.4,"Tank11"
"273","pH1",1,2023-04-24,65,7.84389295188622,7.89,33.97,9.9,9.26,101.5,"Tank11"
"274","pH1",1,2023-04-25,66,7.88150939200807,7.93,34.23,9.3,9.57,103.6,"Tank11"
"275","pH1",1,2023-04-26,67,7.87764456092603,7.93,34.13,9.3,9.55,103.6,"Tank11"
"276","pH1",1,2023-04-27,68,7.87763163054983,7.94,34.12,8.9,9.87,106.2,"Tank11"
"277","pH1",1,2023-04-28,69,7.63565207222951,7.7,34.2,9.3,9.59,104,"Tank11"
"278","pH1",1,2023-05-01,72,7.75251427995815,7.82,34.1,9.5,9.48,103.2,"Tank11"
"279","pH1",1,2023-05-02,73,7.89640967541287,7.97,34.02,10,9.31,102.7,"Tank11"
"280","pH1",1,2023-05-03,74,7.73611984953468,7.79,34.06,9.6,9.72,104.2,"Tank11"
"281","pH1",1,2023-05-04,75,7.79629755819172,7.86,34.16,9.7,9.44,103.3,"Tank11"
"282","pH1",1,2023-05-05,76,7.89606919674641,7.96,34.21,9.8,9.21,101.1,"Tank11"
"283","pH1",1,2023-05-08,79,7.68696057555268,7.74,34.25,11,8.83,99.4,"Tank11"
"284","pH1",1,2023-05-09,80,7.85398510175925,7.9,34.29,11,8.78,99,"Tank11"
"285","pH1",1,2023-05-10,81,7.613390256954,7.68,34.24,11,8.82,99.4,"Tank11"
"286","pH1",1,2023-05-12,83,7.36556349436189,7.4,34.09,11,9.05,101.9,"Tank11"
"287","pH1",1,2023-05-15,86,7.61556722665635,7.65,33.88,9.6,9.39,102.4,"Tank11"
"288","pH1",1,2023-05-16,87,7.53638408583761,7.58,33.76,9.5,9.2,100,"Tank11"
"289","pH1",1,2023-05-17,88,7.95897872756921,7.99,33.79,9.3,9.57,103.7,"Tank11"
"290","pH1",1,2023-05-18,89,7.91347093045276,7.94,33.89,9.1,9.59,103.4,"Tank11"
"291","pH1",1,2023-05-19,90,7.98512999049365,8.01,33.85,9.4,9.59,104.3,"Tank11"
"292","pH1",1,2023-05-22,93,7.85120555981485,7.89,33.85,9.2,9.33,100.9,"Tank11"
"293","pH1",2,2023-05-23,94,7.77625573763605,7.82,33.86,8.2,9.5,100.6,"Tank11"
"294","pH1",2,2023-05-24,95,7.75619517171074,7.81,33.84,8.1,9.66,101.8,"Tank11"
"295","pH1",2,2023-05-25,96,7.45567232564933,7.56,33.96,7.9,9.6,100.9,"Tank11"
"296","pH1",2,2023-05-27,98,7.83371668912659,7.9,34.04,7.8,9.55,100.4,"Tank11"
"297","pH1",2,2023-05-29,100,7.82524727700063,7.89,34.07,7.9,9.54,100.4,"Tank11"
"298","pH1",2,2023-05-30,101,7.83614271464456,7.9,34.05,8,9.59,101,"Tank11"
"299","pH1",2,2023-05-31,102,7.83969550676005,7.9,34.08,8,9.54,100.5,"Tank11"
"300","pH1",2,2023-06-01,103,7.70372653678502,7.77,34.13,8,9.64,101.6,"Tank11"
"301","pH1",2,2023-06-02,104,7.87568307127976,7.9,34.13,8,9.63,101.7,"Tank11"
"302","pH1",2,2023-06-05,107,7.37637863671558,7.42,34.24,8,9.73,101.5,"Tank11"
"303","pH1",2,2023-06-06,108,7.49815189948524,7.54,34.18,8.3,9.44,100.3,"Tank11"
"304","pH1",2,2023-06-07,109,8.04893024112329,8.08,34.06,9.2,9.41,102,"Tank11"
"305","pH1",2,2023-06-08,110,8.35448271878753,8.37,34.14,9.7,9.42,103.1,"Tank11"
"306","pH1",2,2023-06-09,111,8.24784009112277,8.26,34.16,9.2,9.24,100,"Tank11"
"307","pH1",2,2023-06-14,114,8.00884614507613,8.01,34.08,9.9,9.08,99.8,"Tank11"
"308","pH1",2,2023-06-15,115,7.98651815327631,7.99,34.03,9.3,9.14,99.1,"Tank11"
"309","pH1",2,2023-06-16,116,7.98879628776514,8,33.97,8.5,9.3,99,"Tank11"
"310","pH1",2,2023-06-19,121,7.78671069443208,7.81,33.86,8.5,9.13,97.3,"Tank11"
"311","pH1",2,2023-06-20,122,7.87240242834775,7.89,33.93,8.3,9.25,98.1,"Tank11"
"312","pH1",2,2023-06-21,123,7.88148648777465,7.9,33.92,8.9,9.13,98.3,"Tank11"
"313","pH1",2,2023-06-22,124,7.74971899926045,7.77,33.96,10.2,8.74,96.7,"Tank11"
"314","pH1",2,2023-06-23,125,7.86293650664976,7.89,33.95,8.8,9.15,98,"Tank11"
"315","pH1",2,2023-06-26,128,7.66384521859243,7.77,34.1,8.1,9.34,98.7,"Tank11"
"316","pH1",2,2023-06-27,129,7.82166693390827,7.88,33.9,11.1,8.59,96.8,"Tank11"
"317","pH1",2,2023-06-28,130,7.72138169538416,7.77,33.79,10.7,8.6,96.2,"Tank11"
"318","pH1",2,2023-06-29,131,7.8573246507428,7.89,33.73,10.8,8.74,97.8,"Tank11"
"319","pH1",2,2023-06-30,132,7.77923493481353,7.82,33.75,10.5,8.68,96.5,"Tank11"
"320","pH1",2,2023-07-04,136,8.03185715310258,8.07,34.06,8.9,9.01,97.2,"Tank11"
"321","pH1",2,2023-07-05,137,8.033774040245,8.08,34.29,8.2,9.2,97.8,"Tank11"
"322","pH1",2,2023-07-06,138,8.06126019992931,8.1,34.07,8.9,9.22,99.2,"Tank11"
"323","pH1",2,2023-07-07,139,8.10922362008425,8.14,34.14,8.1,9.26,98.3,"Tank11"
"324","pH1",2,2023-07-10,142,8.16960591029646,8.21,34.27,8.5,9.13,97.7,"Tank11"
"325","pH1",3,2023-07-11,143,8.09462009386931,8.14,34.27,8.3,9.16,97.5,"Tank11"
"326","pH1",3,2023-07-12,144,8.15206941249,8.2,34.24,9.1,8.6,93.5,"Tank11"
"327","pH1",3,2023-07-13,145,8.16531653213614,8.2,34.23,8.8,9.5,97.3,"Tank11"
"328","pH1",3,2023-07-14,146,8.106195819578,8.15,34.13,8.9,8.68,93.4,"Tank11"
"329","pH1",3,2023-07-17,149,8.08685828422106,8.12,34.29,8.3,9.08,96.3,"Tank11"
"330","pH1",3,2023-07-18,150,8.15383342251584,8.19,34.1,9,8.7,93.9,"Tank11"
"331","pH1",3,2023-07-19,151,8.16021381257429,8.19,34.18,9,8.73,93.9,"Tank11"
"332","pH1",3,2023-07-20,152,8.07138210633037,7.97,34.27,8.5,9.126,99.2,"Tank11"
"333","pH1",3,2023-07-21,153,8.08427619935557,8.13,34.2,8.9,8.87,96.1,"Tank11"
"334","pH1",3,2023-07-24,156,8.04492364911513,8.08,34.1,8.4,9.1,96.8,"Tank11"
"335","pH1",3,2023-08-09,172,7.04110690240879,7.15,34.38,8.6,9.26,99.1,"Tank11"
"336","pH1",3,2023-08-10,173,7.65996429801571,7.73,34.24,8.6,9.21,98.4,"Tank11"
"337","pH1",3,2023-08-11,174,8.03347913698315,8.09,34.14,8.6,9.15,97.8,"Tank11"
"338","pH1",3,2023-08-14,177,8.00980148664447,8.05,34.1,12.9,7.59,89.4,"Tank11"
"339","pH1",3,2023-08-15,178,8.01800505879282,8.5,34.01,12.7,8.02,93.6,"Tank11"
"340","pH1",3,2023-08-16,179,8.16459084775957,8.18,34.01,13.5,8.1,96.2,"Tank11"
"341","pH1",3,2023-08-17,180,8.07725315116437,8.09,34.15,13.1,8.29,97.5,"Tank11"
"342","pH1",3,2023-08-18,181,7.63567523976464,7.72,34.34,9.4,8.66,93.2,"Tank11"
"343","pH1",3,2023-08-21,184,7.63522770938661,7.7,34.33,8.8,8.73,93.5,"Tank11"
"344","pH1",3,2023-08-22,185,7.72379812793063,7.78,34.32,9.4,8.73,95.2,"Tank11"
"345","pH1",3,2023-08-23,186,7.74828934317491,7.8,34.33,9.6,8.82,96.7,"Tank11"
"346","pH1",3,2023-08-24,187,8.07861008586092,8.12,34.26,9.9,8.48,93.9,"Tank11"
"347","pH1",3,2023-08-25,188,7.56137486045857,8.09,34.07,9.5,8.94,93,"Tank11"
"348","pH1",3,2023-08-28,191,7.92849596497492,7.98,34.05,9.4,8.8,95.7,"Tank11"
"349","pH1",3,2023-08-29,192,7.84675950669923,7.89,34.24,10.6,8.46,94.6,"Tank11"
"350","pH1",4,2023-08-30,193,7.81236990610812,7.87,34.21,9.1,8.67,93.6,"Tank11"
"351","pH1",4,2023-08-31,194,7.71912460447392,7.78,34.32,8.7,9,96.4,"Tank11"
"352","pH1",4,2023-09-01,195,7.75591140173435,7.78,34.2,8.2,9.08,96.1,"Tank11"
"353","pH1",4,2023-09-04,196.666666666667,7.73772808337729,7.79,34.29,8.5,9.01,96.2,"Tank11"
"354","pH1",4,2023-09-05,197.969696969697,7.80711895050759,7.86,34.24,8.6,9.28,99.2,"Tank11"
"355","pH1",4,2023-09-06,199.272727272727,7.62833060421491,7.68,34.2,11.3,8.78,99.5,"Tank11"
"356","pH1",4,2023-09-07,200.575757575758,7.73056714395705,7.78,34.21,10.5,8.37,93.4,"Tank11"
"357","pH1",4,2023-09-08,201.878787878788,7.79144581613664,7.83,34.13,10.5,8.55,95.3,"Tank11"
"358","pH1",4,2023-09-11,203.181818181818,7.13354639834804,7.82,33.22,8,9.41,99.2,"Tank11"
"359","pH1",4,2023-09-12,204.484848484849,7.78240139037599,7.83,34.18,9.8,8.59,94.2,"Tank11"
"360","pH1",4,2023-09-13,205.787878787879,7.73504940578684,7.79,34.18,10.1,8.66,95.7,"Tank11"
"361","pH1",4,2023-09-14,207.090909090909,7.75592861822662,7.81,34.29,9.2,8.83,85.7,"Tank11"
"362","pH1",4,2023-09-15,208.393939393939,7.80423131268102,7.85,34.18,10.4,8.66,96.4,"Tank11"
"363","pH1",4,2023-09-18,209.69696969697,7.80218885564778,7.86,33.6,8.2,9.05,95.5,"Tank11"
"364","pH1",4,2023-09-19,211,7.77045749111413,7.83,34.31,8.6,8.87,94.8,"Tank11"
"365","pH1",4,2023-09-20,212.30303030303,7.79506806901579,7.86,34.22,8.6,8.95,95.8,"Tank11"
"366","pH1",4,2023-09-21,213.606060606061,7.78158307682175,7.82,34.35,9.8,8.67,95.4,"Tank11"
"367","pH1",4,2023-09-25,216.212121212121,7.78083322831836,7.83,34.35,8.2,9.19,97.5,"Tank11"
"368","pH1",4,2023-09-26,217.515151515152,7.72067417885058,7.78,34.28,8.7,9.13,98,"Tank11"
"369","pH1",4,2023-09-27,218.818181818182,7.78200875054621,7.84,34.41,7.5,9.4,98.2,"Tank11"
"370","pH1",4,2023-09-28,220.121212121212,7.85978613958676,7.91,34.41,7.9,9.26,97.9,"Tank11"
"371","pH1",4,2023-09-29,221.424242424242,7.77354639834804,7.82,34.48,8,9.26,97.9,"Tank11"
"372","pH1",4,2023-10-02,222.727272727273,7.83465356016258,7.88,34.55,9,8.71,94,"Tank11"
"373","pH1",4,2023-10-03,224.030303030303,7.78690855247141,7.83,34.36,9.5,8.6,93.8,"Tank11"
"374","pH1",4,2023-10-04,225.333333333333,7.71319313205921,7.8,34.37,9.1,8.79,95.2,"Tank11"
"375","pH1",4,2023-10-05,226.636363636364,7.80293117133369,7.79,34.26,9.3,8.81,95.6,"Tank11"
"376","pH1",4,2023-10-06,227.939393939394,7.78892167087994,7.83,34.34,9.1,8.68,94,"Tank11"
"377","pH1",4,2023-10-09,229.242424242424,7.89017512039638,7.93,34.3,9,9.04,97.7,"Tank11"
"378","pH1",4,2023-10-10,230.545454545455,7.81536679152217,7.86,34.16,9,8.85,95.4,"Tank11"
"379","pH1",4,2023-10-11,231.848484848485,7.76091911635757,7.8,34,9.2,8.73,94.5,"Tank11"
"380","pH1",4,2023-10-12,233.151515151515,8.02487647570231,8.05,33.59,9.2,8.96,96.8,"Tank11"
"381","pH1",4,2023-10-13,234.454545454545,7.8145081420433,7.85,33.76,9.3,8.94,96.8,"Tank11"
"382","pH1",4,2023-10-16,235.757575757576,7.68157948215402,7.72,33.97,9.3,9.23,100.1,"Tank11"
"383","pH1",4,2023-10-17,237.060606060606,7.57893317588356,7.62,34.04,9.4,9.37,101.7,"Tank11"
"384","pH1",4,2023-10-18,238.363636363636,7.80021027043787,7.84,34.01,9.3,9.27,100.4,"Tank11"
"385","pH1",4,2023-10-19,239.666666666667,7.75021027043787,7.79,34.41,9.3,9.25,100.5,"Tank11"
"386","pH1",4,2023-10-20,241,7.80747184700556,7.84,34.13,9.3,9.21,99.9,"Tank11"
"387","pH1",4,2023-10-23,244,7.75409316028289,7.8,33.83,9.2,9.48,102.6,"Tank11"
"388","pH1",4,2023-10-24,245,7.80587735375946,7.84,33.79,9.3,9.33,101,"Tank11"
"389","pH1",4,2023-10-25,246,7.58932666685458,7.63,33.92,9.3,9.34,101.1,"Tank11"
"390","pH1",4,2023-10-26,247,7.72081534517684,7.76,33.93,9.4,8.9,96.7,"Tank11"
"391","pH1",4,2023-10-27,248,8.08716409962035,8.12,34.12,9.1,8.96,96.8,"Tank11"
"392","pH1",4,2023-10-30,251,7.90859825465528,7.95,34.04,9.3,9.01,97.7,"Tank11"
"393","pH1",4,2023-10-31,252,7.64022779297436,7.68,34.01,9.3,9.12,98.9,"Tank11"
"394","pH1",4,2023-11-01,253,7.6372640880121,7.68,33.94,9.3,9.01,97.7,"Tank11"
"395","pH1",4,2023-11-02,254,8.02233371729158,8.05,33.94,9.2,8.8,95.2,"Tank11"
"396","pH1",4,2023-11-03,255,7.61708952493537,7.66,33.79,9.5,8.8,95.7,"Tank11"
"397","pH1",4,2023-11-06,258,7.75378020342667,7.78,33.83,9.5,9,97.9,"Tank11"
"398","pH1",4,2023-11-07,259,7.98788736499247,8.02,33.95,9.3,9.04,98.1,"Tank11"
"399","pH1",4,2023-11-08,260,7.956176584773,7.99,33.9,9.4,8.79,97.9,"Tank11"
"400","pH1",4,2023-11-09,261,7.97778307990846,8.01,33.97,9.2,9.11,98.7,"Tank11"
"401","pH1",4,2023-11-10,262,8.02728225569279,8.06,33.29,9.4,8.9,95.7,"Tank11"
"402","pH1",4,2023-11-13,265,7.65863329972826,7.7,33.23,9.3,8.92,96.2,"Tank11"
"403","pH1",4,2023-11-14,266,7.69112954486243,7.73,34.27,9.2,9.06,98.2,"Tank11"
"404","pH1",4,2023-11-15,267,7.77542679069957,7.81,34.02,9.3,9.06,98.3,"Tank11"
"405","pH1",4,2023-11-16,268,7.72591239883244,7.76,33.86,9.3,9.16,99.2,"Tank11"
"406","pH1",4,2023-11-17,269,7.59973394766652,7.64,33.82,9.2,9.19,99.4,"Tank11"
"407","pH1",4,2023-11-20,272,8.20575619719797,8.22,33.93,9.2,9.07,98.1,"Tank11"
"408","pH1",4,2023-11-21,273,8.10993242129846,8.13,33.99,9.3,9.11,98.9,"Tank11"
"409","pH1",4,2023-11-23,275,7.56307476432891,7.58,34.03,9.5,9.18,100,"Tank11"
"410","pH1",4,2023-11-24,276,8.02195995506796,8.05,33.74,9.3,9.57,103.6,"Tank11"
"411","pH1",4,2023-11-27,279,7.98004390426262,8,33.92,9.4,9.02,98,"Tank11"
"412","pH1",5,2023-11-28,280,7.7724806082738,7.82,33.46,9.3,9.15,98.8,"Tank11"
"413","pH1",5,2023-11-29,281,7.81241730364572,7.85,33.58,9.4,9.12,98.8,"Tank11"
"414","pH1",5,2023-11-30,282,7.81357699374668,7.85,33.82,9.4,9.16,99.3,"Tank11"
"415","pH1",5,2023-12-01,283,7.79542679069957,7.83,33.97,9.3,9.18,99.5,"Tank11"
"416","pH1",5,2023-12-04,286,8.13734321916063,8.16,34.14,9.2,9.22,99.8,"Tank11"
"417","pH1",5,2023-12-05,287,7.97039925354061,8.02,34.1,7.6,9.36,97.9,"Tank11"
"418","pH1",5,2023-12-06,288,7.91325597316338,7.95,33.99,8.6,10.06,107.3,"Tank11"
"419","pH1",5,2023-12-07,289,8.10219147786842,8.12,34.04,8.6,9.67,103.4,"Tank11"
"420","pH1",5,2023-12-08,290,8.04454752264283,8.08,34.16,7.6,9.66,100.9,"Tank11"
"421","pH1",5,2023-12-11,293,7.94432980493104,8.21,34.29,7.5,9.38,97.9,"Tank11"
"422","pH1",5,2023-12-12,294,7.75149049736247,7.79,34.09,8,9.7,102.3,"Tank11"
"423","pH1",5,2023-12-13,295,7.91997828372262,7.95,34.08,8.2,9.72,103,"Tank11"
"424","pH1",5,2023-12-14,296,7.94707398846634,7.97,34.27,7.5,9.46,98.7,"Tank11"
"425","pH1",5,2023-12-15,297,7.81417375960613,7.84,34.49,7.8,9.71,102.1,"Tank11"
"426","pH1",5,2023-12-18,300,7.87149809074331,7.89,34.58,7.8,9.34,98.2,"Tank11"
"427","pH1",5,2023-12-19,301,7.83170086263925,7.84,34.08,7.9,9.46,99.4,"Tank11"
"428","pH1",5,2023-12-20,302,7.73821108054422,7.82,33.89,8.1,9.69,102.2,"Tank11"
"429","pH1",5,2023-12-21,303,7.80387430046772,7.82,33.84,8.9,9.38,100.7,"Tank11"
"430","pH1",5,2023-12-22,304,7.83502450989096,7.85,33.75,8.7,9.45,100.9,"Tank11"
"431","pH1",5,2023-12-30,309,8.24980877217752,8.26,34.27,8.9,9.22,99.3,"Tank11"
"432","pH1",5,2024-01-01,312,7.94021870547473,7.95,34.21,8.6,9.14,97.8,"Tank11"
"433","pH1",5,2024-01-02,313,7.98533809829443,8,34.12,8.6,9.07,97,"Tank11"
"434","pH1",5,2024-01-03,314,7.71204642314676,7.73,34.05,8.6,8.99,96.1,"Tank11"
"435","pH1",5,2024-01-04,315,7.65055240128317,7.66,34.03,8.8,9.09,97.5,"Tank11"
"436","pH1",5,2024-01-05,316,7.8201450064574,7.83,34.06,8.8,8.98,96.3,"Tank11"
"437","pH1",5,2024-01-08,319,7.63407171969349,7.64,33.13,8.7,9.52,101.3,"Tank11"
"438","pH1",5,2024-01-09,320,7.61823675229341,7.62,33.06,8.2,9.85,103.6,"Tank11"
"439","pH1",5,2024-01-10,321,7.78066996934847,7.79,33.95,8.4,9.78,104,"Tank11"
"440","pH1",5,2024-01-11,322,7.99587563712802,8,33.85,8.4,9.89,105,"Tank11"
"441","pH1",5,2024-01-12,323,7.81682762514091,7.82,34,8.4,9.72,103.4,"Tank11"
"442","pH1",5,2024-01-15,326,8.01846119487856,8.01,34.04,9.6,9.2,100.6,"Tank11"
"443","pH1",5,2024-01-16,327,7.54125255608548,7.54,34.01,9.4,9.06,98.5,"Tank11"
"444","pH1",5,2024-01-17,328,7.7001745020607,7.71,33.94,7.2,9.98,103.2,"Tank11"
"445","pH1",5,2024-01-18,329,7.82944051112865,7.84,34.19,7.8,9.58,100.4,"Tank11"
"446","pH1",5,2024-01-19,330,8.06083770839359,8.06,34.29,7.8,9.44,99.4,"Tank11"
"447","pH1",5,2024-01-22,333,8.02888421416166,8.04,34.32,9.4,9,98.1,"Tank11"
"448","pH1",5,2024-01-23,334,8.01837779068063,8.02,34.39,8.3,9.53,101.3,"Tank11"
"449","pH1",5,2024-01-24,335,7.65868578119682,7.66,34.2,8.3,9.54,101.4,"Tank11"
"450","pH1",5,2024-01-25,336,7.54797555278788,7.55,34.16,8.2,9.61,101.9,"Tank11"
"451","pH1",5,2024-01-26,337,7.91835153092731,7.93,33.95,8.2,9.73,102.9,"Tank11"
"452","pH1",5,2024-01-29,340,7.75276278006496,7.76,34.15,8.6,9.46,101.1,"Tank11"
"453","pH1",5,2024-01-30,341,7.92415875282861,7.93,34.11,8.5,9.61,102.5,"Tank11"
"454","pH1",5,2024-01-31,342,7.80071844968446,7.81,34.07,8.2,9.57,101.4,"Tank11"
"455","pH1",5,2024-02-01,343,7.68932125415695,7.7,34.2,8.2,9.75,103.5,"Tank11"
"456","pH1",5,2024-02-02,344,7.73704085949329,7.74,34.22,8.4,9.6,102.1,"Tank11"
"457","pH1",5,2024-02-05,347,7.85776196033905,7.86,33.84,8.5,9.33,99.2,"Tank11"
"458","pH1",5,2024-02-06,348,7.78856259286123,7.8,33.79,8.3,9.26,98.2,"Tank11"
"459","pH1",5,2024-02-07,349,7.96060367105056,7.98,33.75,8.2,9.43,99.8,"Tank11"
"460","pH1",5,2024-02-08,350,7.95238677067785,7.95,33.81,8.2,9.35,98.9,"Tank11"
"461","pH1",5,2024-02-09,351,7.67431206399871,7.67,34.08,8.3,9.15,97.1,"Tank11"
"462","pH1",5,2024-02-12,354,7.79732479363985,7.8,34.3,8.7,9.23,99.1,"Tank11"
"463","pH1",5,2024-02-13,355,7.67839536168494,7.68,34.26,9.2,9.15,99.3,"Tank11"
"464","pH1",5,2024-02-14,356,7.70158401491736,7.7,34.43,8.9,9.17,99.2,"Tank11"
"465","pH1",5,2024-02-15,357,7.9347918488543,7.93,34.2,7.8,9.47,99.4,"Tank11"
"466","pH1",5,2024-02-16,358,7.66107270903121,7.65,34.17,8.5,9.35,99.8,"Tank11"
"467","pH1",5,2024-02-19,361,7.96573719345986,7.97,34.41,9.2,9.64,100.9,"Tank11"
"468","pH1",5,2024-02-20,362,7.82640778096026,7.83,34.36,9.1,9.24,100,"Tank11"
"469","pH1",5,2024-02-21,363,7.75480046074989,7.75,34.39,9.2,9.04,98.1,"Tank11"
"470","pH1",5,2024-02-22,364,7.9087123929737,7.88,34.44,8.9,9.07,97.7,"Tank11"
"471","pH1",5,2024-02-23,365,7.82548875747879,7.82,34.41,9.2,8.74,94.8,"Tank11"
"472","pH1",0,2023-02-27,9,7.98540178446483,8.02,34.4,7.8,9.87,103.8,"Tank12"
"473","pH1",1,2023-02-28,10,7.98100336929345,8.01,34.37,8.1,9.79,103.6,"Tank12"
"474","pH1",1,2023-03-01,11,7.88728950242725,7.91,34.27,8.3,9.81,104,"Tank12"
"475","pH1",1,2023-03-02,12,7.97005149415844,8.04,34.16,8.2,9.78,103.5,"Tank12"
"476","pH1",1,2023-03-03,13,7.97425449475366,8.05,34.09,7.9,9.9,104.3,"Tank12"
"477","pH1",1,2022-03-04,14,7.73512406142412,7.83,34.16,8,9.87,104.1,"Tank12"
"478","pH1",1,2023-03-05,15,7.76135772707202,7.86,34.24,8.9,9.45,101.8,"Tank12"
"479","pH1",1,2023-03-06,16,7.72876170752122,7.85,34.38,8.1,9.54,101.1,"Tank12"
"480","pH1",1,2023-03-07,17,7.55729792344519,7.69,34.31,8,9.45,99.9,"Tank12"
"481","pH1",1,2023-03-08,18,7.68943459637691,7.8,34.26,8,9.33,98.3,"Tank12"
"482","pH1",1,2023-03-09,19,7.63625258053111,7.72,34.16,8.4,9.17,97.6,"Tank12"
"483","pH1",1,2023-03-10,20,7.72008807504081,7.8,34.15,7.6,9.63,100.7,"Tank12"
"484","pH1",1,2023-03-13,23,7.94318630026935,8.01,34.26,8.1,9.14,96.7,"Tank12"
"485","pH1",1,2023-03-14,24,7.58120430450465,7.67,34.04,7.9,9.64,101.3,"Tank12"
"486","pH1",1,2023-03-15,25,7.74170426928576,7.82,34.2,8.3,9.64,102.2,"Tank12"
"487","pH1",1,2023-03-16,26,7.6989350402227,7.77,34.08,7.9,9.48,99.8,"Tank12"
"488","pH1",1,2023-03-17,27,7.69621046919991,7.76,34.14,8.5,9.38,100,"Tank12"
"489","pH1",1,2023-03-20,30,7.48643133133502,7.57,33.75,8.1,9.62,101.6,"Tank12"
"490","pH1",1,2023-03-21,31,7.7501577028284,7.8,34.01,9.3,9.23,100.1,"Tank12"
"491","pH1",1,2023-03-22,32,7.69482459851178,7.75,34.15,8.4,9.35,99.6,"Tank12"
"492","pH1",1,2023-03-23,33,7.87149894227497,7.92,34.16,8.3,9.42,100.1,"Tank12"
"493","pH1",1,2023-03-24,34,7.8481909487129,7.9,34.32,8.4,9.31,99.8,"Tank12"
"494","pH1",1,2023-03-27,37,7.79682734346038,7.86,34,9.2,9.47,102.4,"Tank12"
"495","pH1",1,2023-03-28,38,7.9000979234438,7.96,34.11,9.4,9.29,101.1,"Tank12"
"496","pH1",1,2023-03-29,39,7.55810979254114,7.63,34.23,9.1,9.15,98.8,"Tank12"
"497","pH1",1,2023-03-30,40,7.57340987874389,7.65,34.07,9.4,8.96,97.4,"Tank12"
"498","pH1",1,2023-03-31,41,7.90649488182241,7.94,33.99,11,8.57,96.4,"Tank12"
"499","pH1",1,2023-04-03,44,7.76251922865169,7.81,33.9,10.6,8.88,99.1,"Tank12"
"500","pH1",1,2023-04-04,45,7.69628941307424,7.75,34.19,10,8.78,99,"Tank12"
"501","pH1",1,2023-04-05,46,7.85134303910038,7.9,34.28,10.6,8.84,98.7,"Tank12"
"502","pH1",1,2023-04-06,47,7.75239620355086,7.82,34.23,9.9,9.02,99.3,"Tank12"
"503","pH1",1,2023-04-07,48,7.61272595940496,7.7,33.87,9.1,9.49,102.3,"Tank12"
"504","pH1",1,2023-04-10,51,7.73286248300531,7.79,33.98,10.6,8.79,98.1,"Tank12"
"505","pH1",1,2023-04-11,52,7.77842748387779,7.85,34.26,9.5,9.46,103.1,"Tank12"
"506","pH1",1,2023-04-12,53,6.79649669060368,6.93,34.11,9.6,9.03,98.7,"Tank12"
"507","pH1",1,2023-04-13,54,7.46606919674641,7.55,34.17,9.8,9.14,100.2,"Tank12"
"508","pH1",1,2023-04-14,55,7.87203697412889,7.94,34.16,8.8,9.65,103.6,"Tank12"
"509","pH1",1,2023-04-17,58,7.72200536096151,7.8,34.02,9.7,9.44,103.2,"Tank12"
"510","pH1",1,2023-04-18,59,7.7576312722746,7.83,34.18,9.1,9.61,104,"Tank12"
"511","pH1",1,2023-04-19,60,7.69731102114315,7.77,34.23,9.6,9.55,104.4,"Tank12"
"512","pH1",1,2023-04-20,61,7.72425581573026,7.79,34.23,9.7,9.38,102.8,"Tank12"
"513","pH1",1,2023-04-21,62,7.77997079556412,7.84,34.2,10.1,9.21,101.9,"Tank12"
"514","pH1",1,2023-04-24,65,7.66115498383502,7.71,34.2,10.8,8.65,97.2,"Tank12"
"515","pH1",1,2023-04-25,66,7.88573729941654,7.93,34.32,10.7,8.87,99.5,"Tank12"
"516","pH1",1,2023-04-26,67,7.80705717369336,7.86,34.09,9.6,9.47,103.5,"Tank12"
"517","pH1",1,2023-04-27,68,8.00522850171235,8.06,34.12,9.1,9.85,106.3,"Tank12"
"518","pH1",1,2023-04-28,69,7.656535251346,7.73,34.12,8.9,9.78,105.2,"Tank12"
"519","pH1",1,2023-05-01,72,7.83696907572505,7.89,34.11,9.7,9.27,101.6,"Tank12"
"520","pH1",1,2023-05-02,73,7.93578007623307,8,34.01,9.6,9.49,103.7,"Tank12"
"521","pH1",1,2023-05-03,74,7.80112185252071,7.85,34.1,9.5,9.7,105.7,"Tank12"
"522","pH1",1,2023-05-04,75,7.71997530013518,7.79,34.13,10,9.29,102.3,"Tank12"
"523","pH1",1,2023-05-05,76,7.95117392004463,8.01,34.22,9.8,9.17,100.7,"Tank12"
"524","pH1",1,2023-05-08,79,7.6094058053303,7.67,34.27,10.9,8.88,99.9,"Tank12"
"525","pH1",1,2023-05-09,80,7.75578223401586,7.81,34.3,10.8,8.94,100.2,"Tank12"
"526","pH1",1,2023-05-10,81,7.60076100585959,7.67,34.28,10.9,8.88,99.8,"Tank12"
"527","pH1",1,2023-05-12,83,7.37534207522257,7.41,34.17,10.9,9.05,101.9,"Tank12"
"528","pH1",1,2023-05-15,86,7.56003690151615,7.6,33.88,9.5,9.26,100.7,"Tank12"
"529","pH1",1,2023-05-16,87,7.53358949338704,7.58,33.78,9.3,9.25,100,"Tank12"
"530","pH1",1,2023-05-17,88,7.91142421318733,7.94,33.79,9.1,9.49,102.4,"Tank12"
"531","pH1",1,2023-05-18,89,7.79588933282036,7.83,33.88,8.8,9.48,101.7,"Tank12"
"532","pH1",1,2023-05-19,90,7.80020072187299,7.84,33.84,9.1,9.52,102.7,"Tank12"
"533","pH1",1,2023-05-22,93,7.66874364423152,7.72,33.8,9.1,9.37,101,"Tank12"
"534","pH1",2,2023-05-23,94,7.75605746165368,7.8,33.89,8.3,9.56,101.5,"Tank12"
"535","pH1",2,2023-05-24,95,7.7126892890199,7.77,33.86,8,9.58,100.9,"Tank12"
"536","pH1",2,2023-05-25,96,7.42687796624287,7.54,33.95,7.9,9.66,101.4,"Tank12"
"537","pH1",2,2023-05-27,98,7.82137121143863,7.89,34.08,7.8,9.68,101.6,"Tank12"
"538","pH1",2,2023-05-29,100,7.61751654128259,7.7,34.11,7.9,9.52,100.1,"Tank12"
"539","pH1",2,2023-05-30,101,7.65687830026509,7.73,34.1,7.9,9.69,101.9,"Tank12"
"540","pH1",2,2023-05-31,102,7.8681551163223,7.93,34.17,7.9,9.54,100.4,"Tank12"
"541","pH1",2,2023-06-01,103,7.77943159835729,7.84,34.18,7.9,9.68,101.9,"Tank12"
"542","pH1",2,2023-06-02,104,7.89624208113539,7.93,34.19,8,9.6,101.4,"Tank12"
"543","pH1",2,2023-06-05,107,8.02604334815373,8.06,34.33,8,9.62,101.5,"Tank12"
"544","pH1",2,2023-06-06,108,7.59808887946117,7.64,34.11,9,9.55,102.9,"Tank12"
"545","pH1",2,2023-06-07,109,7.98074275329092,8.01,34.07,9,9.45,101.9,"Tank12"
"546","pH1",2,2023-06-08,110,8.30873592350278,8.32,34.08,9.3,9.39,101.9,"Tank12"
"547","pH1",2,2023-06-09,111,8.21668634795422,8.23,34.17,9,9.3,100.3,"Tank12"
"548","pH1",2,2023-06-14,114,7.50543637282578,7.52,34.06,9.6,9.26,101.1,"Tank12"
"549","pH1",2,2023-06-15,115,7.75705677570335,7.77,34.02,9.2,9.29,100.6,"Tank12"
"550","pH1",2,2023-06-16,116,8.07168186454865,8.08,34.04,8.1,9.5,99.7,"Tank12"
"551","pH1",2,2023-06-19,121,7.75219333766143,7.78,33.9,8.1,9.45,98,"Tank12"
"552","pH1",2,2023-06-20,122,8.04634261692105,8.07,33.95,8.1,9.42,99.3,"Tank12"
"553","pH1",2,2023-06-21,123,8.06304885416013,8.09,33.86,7.9,9.45,99.2,"Tank12"
"554","pH1",2,2023-06-22,124,8.33346309609925,8.35,34.04,10.8,9.03,99.7,"Tank12"
"555","pH1",2,2023-06-23,125,8.09763180302467,8.11,34.13,10,9.07,100.1,"Tank12"
"556","pH1",2,2023-06-26,128,8.01880699578459,8.09,34.2,9.5,9.16,100.1,"Tank12"
"557","pH1",2,2023-06-27,129,7.91302719855074,7.97,33.85,11.1,8.76,98.6,"Tank12"
"558","pH1",2,2023-06-28,130,8.0110125007328,8.05,33.8,10.3,8.89,98.3,"Tank12"
"559","pH1",2,2023-06-29,131,8.00781253101201,8.04,33.56,9.5,9.12,98.9,"Tank12"
"560","pH1",2,2023-06-30,132,7.96674343480626,8.01,33.78,9.3,9.07,98.1,"Tank12"
"561","pH1",2,2023-07-04,136,7.75652592863543,7.82,33.96,8.7,9.1,97.1,"Tank12"
"562","pH1",2,2023-07-05,137,7.74661186819547,7.8,33.97,8.3,9.25,98.2,"Tank12"
"563","pH1",2,2023-07-06,138,8.07121810459712,8.12,33.96,8.8,9.26,98.8,"Tank12"
"564","pH1",2,2023-07-07,139,8.07458741664266,8.12,33.9,8.2,9.28,97.7,"Tank12"
"565","pH1",2,2023-07-10,142,8.12298392089597,8.17,33.13,8.7,9.24,98,"Tank12"
"566","pH1",3,2023-07-11,143,8.07029302594539,8.12,34.16,8.4,9.23,97.9,"Tank12"
"567","pH1",3,2023-07-12,144,8.13160223983575,8.18,34.19,9.1,8.86,94.9,"Tank12"
"568","pH1",3,2023-07-13,145,8.10179090528134,8.15,33.88,8.8,9.07,96.7,"Tank12"
"569","pH1",3,2023-07-14,146,8.10384011905085,8.16,34.22,8.8,9,95.5,"Tank12"
"570","pH1",3,2023-07-17,149,8.16313385683839,8.2,34.15,8.4,9.17,97.4,"Tank12"
"571","pH1",3,2023-07-18,150,7.80412747736771,8.28,34.08,9.1,8.83,94.9,"Tank12"
"572","pH1",3,2023-07-19,151,8.19528406139105,8.25,34.07,9.1,8.79,94.7,"Tank12"
"573","pH1",3,2023-07-20,152,8.1437346302682,8.11,34.08,8.7,9.23,98.6,"Tank12"
"574","pH1",3,2023-07-21,153,8.03511505715413,8.08,33.79,8.9,9.01,95.1,"Tank12"
"575","pH1",3,2023-07-24,156,8.07542091643669,8.13,34.06,8.3,9.15,97.1,"Tank12"
"576","pH1",3,2023-08-09,172,7.53079719328681,7.62,34.3,8.1,9.46,100.1,"Tank12"
"577","pH1",3,2023-08-10,173,7.76003838160512,7.83,34.15,8.5,9.37,99.8,"Tank12"
"578","pH1",3,2023-08-11,174,7.80788217288466,7.87,34.11,8.6,9.28,99.3,"Tank12"
"579","pH1",3,2023-08-14,177,7.97451198776585,8.01,33.68,13.8,7.83,93.1,"Tank12"
"580","pH1",3,2023-08-15,178,7.99783279036733,8.03,34.42,12.7,7.96,92.5,"Tank12"
"581","pH1",3,2023-08-16,179,8.01887916466925,8.04,34,13.2,8.25,97.3,"Tank12"
"582","pH1",3,2023-08-17,180,7.59015277888256,7.64,34.09,12.3,8.49,98.1,"Tank12"
"583","pH1",3,2023-08-18,181,7.48543637282578,7.57,34.12,9.6,8.82,95.8,"Tank12"
"584","pH1",3,2023-08-21,184,7.5312804754451,7.6,34.31,8.5,9.15,97.8,"Tank12"
"585","pH1",3,2023-08-22,185,7.93540652836076,7.99,34.29,9.1,9.07,97.9,"Tank12"
"586","pH1",3,2023-08-23,186,7.7776971285355,7.83,34.26,9.3,9.1,98.9,"Tank12"
"587","pH1",3,2023-08-24,187,8.08500357714656,8.13,33.86,10,8.75,95,"Tank12"
"588","pH1",3,2023-08-25,188,7.54859852980286,8.09,34.23,8.6,9.09,96.8,"Tank12"
"589","pH1",3,2023-08-28,191,7.59486674447467,7.67,34.11,8.5,9.04,98.3,"Tank12"
"590","pH1",3,2023-08-29,192,7.83029188306072,7.88,34.13,10,8.97,98.7,"Tank12"
"591","pH1",4,2023-08-30,193,7.7591698319994,7.83,34.11,8.6,9.04,96.5,"Tank12"
"592","pH1",4,2023-08-31,194,7.65004539943699,7.72,34.15,8.4,9.23,98.1,"Tank12"
"593","pH1",4,2023-09-01,195,7.75504328947796,7.8,34.23,8,9.22,97.3,"Tank12"
"594","pH1",4,2023-09-04,196.666666666667,7.67688112496399,7.73,34.27,8.2,9.36,99.4,"Tank12"
"595","pH1",4,2023-09-05,197.969696969697,7.84569330548687,7.9,34.15,8.5,9.35,99.6,"Tank12"
"596","pH1",4,2023-09-06,199.272727272727,7.65542130320269,7.71,34.16,11,8.95,100.8,"Tank12"
"597","pH1",4,2023-09-07,200.575757575758,7.71956731690406,7.77,34.18,10.3,8.96,99.3,"Tank12"
"598","pH1",4,2023-09-08,201.878787878788,7.59012801600956,7.65,34.13,10.1,8.97,99,"Tank12"
"599","pH1",4,2023-09-11,203.181818181818,7.16355567035797,7.85,33.22,7.8,9.46,99.3,"Tank12"
"600","pH1",4,2023-09-12,204.484848484849,7.77392725279694,7.83,34.16,8.7,9.2,98.5,"Tank12"
"601","pH1",4,2023-09-13,205.787878787879,7.84726874181443,7.91,34.13,9,9.26,99.8,"Tank12"
"602","pH1",4,2023-09-14,207.090909090909,7.75348227806504,7.81,34.22,9.1,9.09,98.2,"Tank12"
"603","pH1",4,2023-09-15,208.393939393939,7.83233994433922,7.88,34.29,10.3,8.78,97.5,"Tank12"
"604","pH1",4,2023-09-18,209.69696969697,7.80264968303651,7.86,33.51,7.8,9.32,97.5,"Tank12"
"605","pH1",4,2023-09-19,211,7.78932125415695,7.85,34.2,8.2,9.19,97.2,"Tank12"
"606","pH1",4,2023-09-20,212.30303030303,7.79137547925013,7.85,34.2,8.2,9.19,97.2,"Tank12"
"607","pH1",4,2023-09-21,213.606060606061,7.74765000930612,7.79,34.36,9.5,8.9,97.3,"Tank12"
"608","pH1",4,2023-09-25,216.212121212121,7.84744569984114,7.9,34.32,7.9,9.41,99,"Tank12"
"609","pH1",4,2023-09-26,217.515151515152,7.73252399442556,7.79,34.45,8.6,9.26,99,"Tank12"
"610","pH1",4,2023-09-27,218.818181818182,7.71151625645618,7.77,34.4,7.4,9.6,100,"Tank12"
"611","pH1",4,2023-09-28,220.121212121212,7.70553064276643,7.76,34.32,7.9,9.39,98.9,"Tank12"
"612","pH1",4,2023-09-29,221.424242424242,7.91054981032029,7.95,34.41,7.8,9.48,97.7,"Tank12"
"613","pH1",4,2023-10-02,222.727272727273,7.9063177666683,7.95,34.56,9,8.95,96.8,"Tank12"
"614","pH1",4,2023-10-03,224.030303030303,7.83147874772871,7.88,34.41,9.4,8.8,96,"Tank12"
"615","pH1",4,2023-10-04,225.333333333333,7.75617419463314,7.8,34.34,9.1,9.04,97.8,"Tank12"
"616","pH1",4,2023-10-05,226.636363636364,7.72271656682509,7.71,34.32,9.2,8.96,97.2,"Tank12"
"617","pH1",4,2023-10-06,227.939393939394,7.77664136728739,7.82,34.33,9.1,8.85,95.6,"Tank12"
"618","pH1",4,2023-10-09,229.242424242424,7.99664765577631,8.03,34.3,9,9.28,100.1,"Tank12"
"619","pH1",4,2023-10-10,230.545454545455,7.74370258501645,7.79,34.08,9,9.06,97.5,"Tank12"
"620","pH1",4,2023-10-11,231.848484848485,7.60290398605337,7.66,34.16,9.1,8.99,97.2,"Tank12"
"621","pH1",4,2023-10-12,233.151515151515,7.7418393269021,7.78,33.34,9,9.14,97.9,"Tank12"
"622","pH1",4,2023-10-13,234.454545454545,7.71255163341855,7.75,33.36,8.9,9.2,98.4,"Tank12"
"623","pH1",4,2023-10-16,235.757575757576,7.68522131775961,7.73,33.97,9.2,9.33,101.1,"Tank12"
"624","pH1",4,2023-10-17,237.060606060606,7.53138924569706,7.57,34.02,9.3,9.3,100.8,"Tank12"
"625","pH1",4,2023-10-18,238.363636363636,7.80752015291719,7.85,33.86,9.1,9.24,99.7,"Tank12"
"626","pH1",4,2023-10-19,239.666666666667,7.79478145701179,7.83,34.38,9.2,9.08,98.6,"Tank12"
"627","pH1",4,2023-10-20,241,7.80459465002196,7.84,34.27,9.1,9.22,99.8,"Tank12"
"628","pH1",4,2023-10-23,244,7.73363429579696,7.78,33.88,9.2,9.35,101.1,"Tank12"
"629","pH1",4,2023-10-24,245,7.85866280140411,7.89,33.65,9.2,9.24,99.8,"Tank12"
"630","pH1",4,2023-10-25,246,7.79751564018928,7.84,33.93,9.2,9.27,100.1,"Tank12"
"631","pH1",4,2023-10-26,247,7.84107635148467,7.87,33.93,9.3,9.01,97.7,"Tank12"
"632","pH1",4,2023-10-27,248,7.88863252487411,7.93,34.04,9.1,9.1,98.2,"Tank12"
"633","pH1",4,2023-10-30,251,7.82884105872171,7.87,34.04,9.3,9.21,99.8,"Tank12"
"634","pH1",4,2023-10-31,252,7.75432259252586,7.79,34.01,9.2,9.15,99.1,"Tank12"
"635","pH1",4,2023-11-01,253,7.92118655607675,7.95,33.91,9.2,9.05,98,"Tank12"
"636","pH1",4,2023-11-02,254,7.81569918598365,7.85,33.94,9.2,8.85,95.7,"Tank12"
"637","pH1",4,2023-11-03,255,7.75357699374668,7.79,33.84,9.4,8.96,97.2,"Tank12"
"638","pH1",4,2023-11-06,258,7.70429441547972,7.73,33.91,9.4,9.07,98.6,"Tank12"
"639","pH1",4,2023-11-07,259,7.87540926816308,7.91,33.98,9.3,9.14,99.1,"Tank12"
"640","pH1",4,2023-11-08,260,7.88017522536489,7.91,33.97,9.3,9.18,99.5,"Tank12"
"641","pH1",4,2023-11-09,261,7.80757571259589,7.85,34.06,9.1,9.1,98.3,"Tank12"
"642","pH1",4,2023-11-10,262,7.87025389171706,7.9,33.1,9.5,8.98,97.3,"Tank12"
"643","pH1",4,2023-11-13,265,7.80546975374069,7.84,33.24,9.2,8.98,96.8,"Tank12"
"644","pH1",4,2023-11-14,266,7.74184717377516,7.78,34.23,9.1,9.14,98.9,"Tank12"
"645","pH1",4,2023-11-15,267,7.69157948215403,7.73,34,9.3,9.16,99.2,"Tank12"
"646","pH1",4,2023-11-16,268,7.70955194838453,7.74,33.84,9.3,9.23,100,"Tank12"
"647","pH1",4,2023-11-17,269,7.75726720420821,7.79,33.88,9.2,9.25,100.1,"Tank12"
"648","pH1",4,2023-11-20,272,8.23002269522457,8.25,33.92,9.1,9.26,99.9,"Tank12"
"649","pH1",4,2023-11-21,273,8.17711378691766,8.2,33.97,9.2,9.36,101.3,"Tank12"
"650","pH1",4,2023-11-23,275,7.67109555600124,7.69,33.93,9.4,9.28,100.9,"Tank12"
"651","pH1",4,2023-11-24,276,8.0321852365979,8.06,33.75,9.3,9.66,104.6,"Tank12"
"652","pH1",4,2023-11-27,279,7.94289612626071,7.96,33.98,9.3,9.06,98.2,"Tank12"
"653","pH1",5,2023-11-28,280,7.77657072088578,7.82,33.42,9.3,9.2,99.4,"Tank12"
"654","pH1",5,2023-11-29,281,7.63865802251843,7.68,33.59,9.4,9.21,99.7,"Tank12"
"655","pH1",5,2023-11-30,282,7.7113656519071,7.75,33.86,9.4,9.19,99.7,"Tank12"
"656","pH1",5,2023-12-01,283,7.71726720420821,7.75,34.08,9.2,9.2,99.5,"Tank12"
"657","pH1",5,2023-12-04,286,8.13734321916063,8.16,34.14,9.2,9.18,99.4,"Tank12"
"658","pH1",5,2023-12-05,287,7.77757503009727,7.8,34.11,8.7,9.31,99.8,"Tank12"
"659","pH1",5,2023-12-06,288,8.00859924905103,8.04,33.95,8.9,9.77,105,"Tank12"
"660","pH1",5,2023-12-07,289,7.98084592117566,8,34.05,9.1,9.42,101.7,"Tank12"
"661","pH1",5,2023-12-08,290,7.61627772994074,7.65,34.14,8.9,9.16,98.6,"Tank12"
"662","pH1",5,2023-12-11,293,7.92549762902156,8.18,34.58,9,9.2,99.5,"Tank12"
"663","pH1",5,2023-12-12,294,7.90690591667393,7.93,34.15,8.9,9.49,102.1,"Tank12"
"664","pH1",5,2023-12-13,295,7.78327734729445,7.81,34.1,8.9,9.49,102.2,"Tank12"
"665","pH1",5,2023-12-14,296,7.76707455718244,7.78,34.2,8.7,9.33,100.4,"Tank12"
"666","pH1",5,2023-12-15,297,7.78411620509302,7.8,34.46,8.9,9.77,102.7,"Tank12"
"667","pH1",5,2023-12-18,300,7.95570838212269,7.97,34.35,8.3,9.42,100.2,"Tank12"
"668","pH1",5,2023-12-19,301,7.7938116535403,7.8,34.01,8.6,9.42,100.7,"Tank12"
"669","pH1",5,2023-12-20,302,7.67580051007083,7.76,33.74,8.8,9.5,101.8,"Tank12"
"670","pH1",5,2023-12-21,303,7.82230972879325,7.84,33.82,8.9,9.38,100.7,"Tank12"
"671","pH1",5,2023-12-22,304,7.78172328031241,7.79,33.74,8.7,9.44,100.8,"Tank12"
"672","pH1",5,2023-12-30,309,8.2559539149527,8.27,34.3,8.9,9.25,99.6,"Tank12"
"673","pH1",5,2024-01-01,312,7.99149074276985,8,34.23,8.6,9.1,97.3,"Tank12"
"674","pH1",5,2024-01-02,313,7.93201517950752,7.95,34.14,8.6,9.1,97.3,"Tank12"
"675","pH1",5,2024-01-03,314,7.74280964552383,7.76,34.05,8.6,9.03,96.5,"Tank12"
"676","pH1",5,2024-01-04,315,7.56858385050278,7.58,34.06,8.8,9.03,96.8,"Tank12"
"677","pH1",5,2024-01-05,316,7.78530837237573,7.79,34.08,8.8,9.15,98.1,"Tank12"
"678","pH1",5,2024-01-08,319,7.55457697200338,7.56,33.13,8.4,9.66,102.2,"Tank12"
"679","pH1",5,2024-01-09,320,7.5394657180412,7.55,33.15,7.6,9.94,103.1,"Tank12"
"680","pH1",5,2024-01-10,321,7.69725727180052,7.7,33.99,8.1,9.79,103.3,"Tank12"
"681","pH1",5,2024-01-11,322,7.54735016545994,7.56,33.94,8.2,9.87,104.6,"Tank12"
"682","pH1",5,2024-01-12,323,7.98069811970759,7.99,34.02,8.3,9.88,104.8,"Tank12"
"683","pH1",5,2024-01-15,326,7.91224755928071,7.91,34.05,9.6,9.09,99.3,"Tank12"
"684","pH1",5,2024-01-16,327,7.86096838814537,7.86,34.07,9.1,9.18,99.1,"Tank12"
"685","pH1",5,2024-01-17,328,7.97413383180261,7.98,33.99,7.1,10.01,103.3,"Tank12"
"686","pH1",5,2024-01-18,329,7.60668706789141,7.62,34.18,8.1,9.44,99.7,"Tank12"
"687","pH1",5,2024-01-19,330,7.91893219722242,7.92,34.23,8.3,9.33,99.1,"Tank12"
"688","pH1",5,2024-01-22,333,7.66343670925683,7.68,34.26,9.5,8.95,97.8,"Tank12"
"689","pH1",5,2024-01-23,334,7.68052166835641,7.68,34.36,8.5,9.43,100.7,"Tank12"
"690","pH1",5,2024-01-24,335,7.90961893073222,7.91,34.18,8.4,9.5,101.1,"Tank12"
"691","pH1",5,2024-01-25,336,7.42131410073997,7.42,34.18,8.3,9.53,101.1,"Tank12"
"692","pH1",5,2024-01-26,337,8.00909647457282,8.02,33.87,8.3,9.74,103.2,"Tank12"
"693","pH1",5,2024-01-29,340,7.77982715821398,7.79,34.11,8.7,9.41,100.9,"Tank12"
"694","pH1",5,2024-01-30,341,7.80354162426165,7.81,34.13,8.6,9.58,102.4,"Tank12"
"695","pH1",5,2024-01-31,342,7.78109643805324,7.79,34.18,8.4,9.45,100.7,"Tank12"
"696","pH1",5,2024-02-01,343,7.77057248379904,7.78,34.21,8.5,9.65,102.9,"Tank12"
"697","pH1",5,2024-02-02,344,7.78506806901578,7.79,34.1,8.6,9.49,101.3,"Tank12"
"698","pH1",5,2024-02-05,347,7.85365852759644,7.85,33.9,8.5,9.32,99.3,"Tank12"
"699","pH1",5,2024-02-06,348,7.74826218557121,7.76,33.76,8.5,9.22,98,"Tank12"
"700","pH1",5,2024-02-07,349,8.08472554790842,8.1,33.79,8.4,9.44,100.3,"Tank12"
"701","pH1",5,2024-02-08,350,7.85483973165744,7.84,33.81,8.4,9.27,98.4,"Tank12"
"702","pH1",5,2024-02-09,351,7.70819443164771,7.7,34.06,8.5,9.16,97.6,"Tank12"
"703","pH1",5,2024-02-12,354,7.62000382646293,7.74,34.27,8.9,9.22,99.3,"Tank12"
"704","pH1",5,2024-02-13,355,7.60981771261939,7.61,34.3,9.4,9.14,99.6,"Tank12"
"705","pH1",5,2024-02-14,356,7.87684634719849,7.87,34.41,9.2,9.16,99.5,"Tank12"
"706","pH1",5,2024-02-15,357,7.86023326452467,7.86,34.23,7.7,9.5,99.5,"Tank12"
"707","pH1",5,2024-02-16,358,7.55098957515034,7.55,34.27,8.2,9.51,100.8,"Tank12"
"708","pH1",5,2024-02-19,361,7.7308861150277,7.73,34.37,9.3,9.57,101.2,"Tank12"
"709","pH1",5,2024-02-20,362,7.78590961448851,7.79,34.37,9.2,9.24,100.2,"Tank12"
"710","pH1",5,2024-02-21,363,7.71059421099288,7.7,34.37,9.4,9.09,98.9,"Tank12"
"711","pH1",5,2024-02-22,364,7.8763177666683,7.85,34.39,9,9.05,97.8,"Tank12"
"712","pH1",5,2024-02-23,365,7.79313893032715,7.79,34.44,9.3,8.9,96.8,"Tank12"
